Time,Temp
338.99075,83.5
339.4537,1211.48
339.4545,1210.43
339.4604,1415
339.46445,1355.63
339.46765,1572.82
339.47443,1423.18
339.476,2328.45
339.48438,1510.45
339.486,2336.12
339.49515,1534.36
339.49597,1917.72
339.50513,1563.44
339.50754,1728.22
339.5159,1551.15
339.5191,1626.85
339.52588,1537.85
339.52988,1567.36
339.53745,1510.31
339.541,1520.19
339.54898,1485.89
339.55093,1486.8
339.88535,954.62
340.86285,610.78
341.85486,475.48
342.84604,391.86
343.83725,330.84
344.0244,184.19
344.3768,1158.43
344.3808,1152.42
344.38318,1371.23
344.38995,1290.47
344.39157,1566.3
344.39993,1415
344.40152,1999.07
344.40988,1462.28
344.4115,2114.88
344.42065,1485.4
344.42145,1698.84
344.4298,1504.87
344.433,1602.45
344.44138,1487.4
344.4438,1526.37
344.45135,1478.7
344.45456,1494.21
344.4621,1452.71
344.4645,1454.51
344.75024,978.11
345.71213,632.1
346.70334,492.85
347.6953,404.98
348.68652,341.26
349.0839,213.56
349.4428,1066.76
349.4444,1055.4
349.4468,1239.39
349.45438,1167.6
349.45596,1425.08
349.46436,1266.28
349.46594,1871.52
349.47195,1415
349.47675,1538.08
349.60883,1234.27
350.56134,670.42
351.55252,507.01
352.54373,413.99
353.53574,348.05
354.16177,228.19
354.43887,1066.54
354.44205,1047.78
354.44366,1115.71
354.44608,1114.84
354.45123,1118.94
354.45282,1112.58
354.45444,1176.58
354.4588,1158.8
354.4612,1160.8
354.4628,1159.18
354.4668,1189.43
354.4672,1188.81
354.46957,1185.85
354.47278,1186.12
354.47357,1185.89
354.5019,1219.69
354.50693,1212.02
354.51102,1212.12
355.408,698.74
356.4,521.16
357.3912,423.66
358.3824,355.56
359.20157,237.85
359.32675,288.88
359.55292,1073.38
360.25504,737.18
361.24622,538.53
362.23822,434.77
363.22943,363.88
364.18546,247.72
364.19113,247.67
364.56155,965.62
365.10272,757.75
366.0939,550.34
367.0851,442.88
368.07712,370.17
369.04483,274.04
369.1887,254.89
369.60056,885.73
369.95108,783.26
370.94308,566.25
371.9343,453.55
372.9255,378.5
373.9138,322.12
374.19293,261.86
374.65204,817.71
374.81198,791.95
375.79327,580.96
376.78528,462.92
377.7765,385.61
378.76767,327.82
379.17624,269.18
379.67557,761.66
379.67783,761.67
380.642,591.53
381.6332,470.86
382.62518,391.95
383.6164,333.16
384.17593,273.06
384.53564,654.53
384.73953,712.12
385.4894,603.42
386.48062,479.87
387.47183,399.18
388.46384,339.18
389.17227,277.45
389.3923,443.31
389.7901,673.51
390.33575,611.98
391.32776,488.73
392.31897,406.47
393.31018,345.41
394.16367,281.52
394.25314,300.01
394.8373,635.98
395.18372,610.26
396.1749,494.82
397.1669,412.14
398.1581,350.51
399.11136,285.9
399.17712,281.93
399.9218,608.43
400.033,605.36
401.0242,503.48
402.0154,419.68
403.00742,356.94
403.9724,304.09
404.16122,285.89
404.8809,574.06
404.96408,575.88
405.8729,503.95
406.86407,422.6
407.8553,360.31
408.83847,311.05
409.15927,285.54
409.73465,526.6
410.0238,550.56
410.7174,505.94
411.70938,427.28
412.7006,365.18
413.6926,315.27
414.16956,285.09
414.5957,449.92
415.0947,526.51
415.5635,504.29
416.5555,430.71
417.54672,369.15
418.5379,319.17
419.15564,285.7
419.4563,372.85
420.13403,504.34
420.41245,496.25
421.40366,431.61
422.39563,371.69
423.38684,322.14
424.1617,283.74
424.31232,302.72
425.19586,484.03
425.25906,483.58
426.25027,432.37
427.24146,374.66
428.23346,325.59
429.1649,282.51
429.1739,282.54
430.1042,462.89
430.25616,465.62
431.0962,432
432.08737,377.35
433.07858,329.04
434.0307,286.85
434.16028,281.68
434.9552,432.91
435.3088,447.41
435.9464,427.79
436.93842,377.74
437.9296,330.88
438.89218,291.25
439.1835,278.25
439.80237,391.43
440.38077,431.76
440.79355,423.13
441.78476,378.88
442.77676,333.45
443.75558,293.84
444.1718,277.36
444.65387,350.82
445.43103,416.4
445.64145,414.15
446.63263,377.88
447.62384,334.89
448.61584,295.64
449.1765,274.98
449.51712,311.93
450.4886,401.85
450.49097,401.85
451.48056,375.62
452.47177,335.58
453.46298,297.48
454.1971,271.76
454.3793,281.31
455.33792,385.78
455.56595,388.55
456.32913,372.64
457.32114,336.08
458.31235,299.25
459.19202,269.94
459.2353,270.35
460.18542,366.13
460.61423,375.69
461.1766,367.13
462.16782,335
463.15982,299.89
464.09845,268.28
464.204,266.53
465.03186,342.28
465.67905,363.59
466.02386,360.35
467.01505,333.49
468.00626,300.47
468.95456,270.11
469.21823,263.43
469.87885,316.42
470.74924,352.61
470.87003,352.21
471.86203,331.64
472.85324,300.95
473.81485,271.44
474.22253,260.91
474.72675,292.75
475.71796,342.15
475.81076,342.39
476.70917,328.74
477.70114,300.84
478.67786,272.13
479.24597,257.76
479.57678,271.35
480.5688,330.06
480.8744,332.59
481.56,324.65
482.55118,299.97
483.54318,272.28
484.25427,255.01
484.44193,258.92
485.41617,316.14
485.93857,323.32
486.40817,319.61
487.39938,298.63
488.39136,272.6
489.26642,252.1
489.30206,252.22
490.2629,301.69
490.9997,315.52
491.25488,314.43
492.2461,297.55
493.2373,273.38
494.15945,250.79
494.2985,249.41
495.1088,284.98
496.0656,307.04
496.1,307.02
497.092,294.84
498.08322,272.83
499.01767,250.94
499.3029,246.72
499.9558,270.25
500.947,299.02
501.1166,299.48
501.9382,291.75
502.9302,272.13
503.87683,251.28
504.3251,243.85
504.80594,256.64
505.79794,289.91
506.16995,292.12
506.78915,287.78
507.78033,270.8
508.7392,251.09
509.34784,240.99
509.6552,245.99
510.64642,280.21
511.22882,285.46
511.63843,283.58
512.62964,269.42
513.60114,250.9
514.3591,238.71
514.5028,239.7
515.494,270.4
516.27,279.27
516.4852,278.76
517.47723,267.55
518.46844,250.27
519.3657,236.13
519.38495,236.11
520.3425,260.27
521.31854,273.48
521.33374,273.47
522.32495,265.44
523.3169,249.91
524.2262,235.08
524.40204,234.05
525.1909,250.77
526.1829,267.65
526.3581,267.97
527.17413,262.8
528.1653,249.11
529.0874,234.78
529.4175,231.93
530.0407,242.35
531.0319,261.66
531.39667,263
532.0239,260.02
533.0151,248.27
533.9466,234.92
534.45013,229.95
534.8885,235.04
535.8797,255.27
536.4389,258.29
536.8709,256.92
537.8629,247.2
538.8054,234.92
539.4589,228.51
539.73413,230.35
540.72614,249.07
541.46136,253.92
541.71735,253.45
542.70856,245.75
543.66376,234.59
544.4777,226.94
544.58093,227.17
545.57214,242.86
546.4849,249.73
546.56415,249.69
547.55536,244.02
548.5238,234.08
549.42896,225.65
549.49536,225.56
550.4201,237.15
551.4113,246.06
551.51776,246.13
552.4033,242.41
553.39056,233.65
554.2868,225.46
554.5033,224.75
555.26886,232.45
556.2601,242.33
556.5289,242.75
557.2513,240.45
558.2433,233.05
559.15137,225.49
559.5201,223.88
560.1193,228.4
561.1113,238.49
561.5417,239.46
562.1025,238.2
563.0945,232.21
564.0145,225.56
564.52454,223.27
564.96857,225.51
565.9606,235.01
566.55896,236.66
566.9517,236.1
567.94293,231.47
568.87274,225.78
569.5261,223.04
569.8165,223.86
570.80774,231.86
571.55817,234.08
571.79974,233.89
572.79095,230.5
573.73285,225.79
574.5364,222.9
574.66595,223.04
575.65717,229.13
576.5716,231.81
576.6484,231.8
577.6404,229.55
578.59283,225.83
579.51306,223.21
579.52747,223.21
580.50507,227.11
581.4963,229.76
581.55865,229.77
582.4874,228.44
583.4535,225.69
584.3628,223.72
584.5196,223.63
585.354,225.74
586.346,227.97
586.5556,228.04
587.3372,227.38
588.31915,225.57
589.21924,224.52
589.51465,224.37
590.2051,225.16
591.1963,226.48
591.55066,226.58
592.18823,226.35
593.17944,225.46
594.0821,225.38
595.05273,225.38
596.04395,225.38
597.03516,225.38
598.02716,225.38
598.9426,225.38
599.90076,225.38
600.89276,225.38
601.8839,225.38
602.8751,225.38
603.8004,225.38
604.74963,225.38
605.74084,225.38
606.73285,225.38
607.72406,225.38
608.66455,225.38
609.6003,225.38
610.5915,225.38
611.5827,225.38
612.5747,225.38
613.5247,225.38
614.4489,225.38
615.4409,225.38
616.4321,225.38
617.42334,225.38
618.3848,225.38
619.2968,225.38
620.288,225.38
621.28,225.38
622.27124,225.38
623.2464,225.38
624.1453,225.38
625.13654,225.38
626.12775,225.38
627.11975,225.38
628.1109,225.38
629.0117,225.38
629.9858,225.38
630.977,225.38
631.96814,225.38
632.96014,225.38
633.87244,225.38
634.835,225.38
635.82697,225.38
636.8182,225.38
637.8102,225.38
638.74036,225.38
639.68585,225.38
640.67786,225.38
641.66907,225.38
642.6602,225.38
643.5963,225.38
644.53436,225.38
645.5256,225.38
646.5176,225.38
647.5088,225.38
648.4543,225.38
649.38245,225.38
650.37366,225.38
651.36487,225.38
652.3569,225.38
653.3147,225.38
654.2308,225.38
655.2227,225.38
656.2139,225.38
657.20514,225.38
658.17834,225.38
659.0815,225.38
660.0727,225.38
661.0647,225.38
662.0559,225.38
663.0471,225.38
663.94434,225.38
664.92267,225.38
665.9139,225.38
666.9059,225.38
667.89703,225.38
668.80444,225.38
669.76874,225.38
670.75995,225.38
671.75116,225.38
672.74316,225.38
673.6629,225.38
674.61444,225.38
675.60645,225.38
676.59766,225.38
677.5888,225.38
678.52094,225.38
679.4606,225.38
680.4517,225.38
681.4437,225.38
682.43494,225.38
683.379,225.38
684.3097,225.38
685.30084,225.38
686.29205,225.38
687.28406,225.38
688.2398,225.38
689.1593,225.38
690.1513,225.38
691.1425,225.38
692.1337,225.38
693.10284,225.38
694.00696,225.38
694.99817,225.38
695.9902,225.38
696.9814,225.38
697.9685,225.38
698.86554,225.38
699.846,225.38
700.8372,225.38
701.8292,225.38
702.8204,225.38
703.72754,225.38
704.6948,225.38
705.686,225.38
706.6772,225.38
707.6692,225.38
708.59,225.38
709.5449,225.38
710.5369,225.38
711.52814,225.38
712.52014,225.38
713.4473,225.38
714.3928,225.38
715.3848,225.38
716.37604,225.38
717.36725,225.38
718.30896,225.38
719.2421,225.38
720.23334,225.38
721.22534,225.38
722.21655,225.38
723.1677,225.38
724.0894,225.38
725.0806,225.38
726.07184,225.38
727.06384,225.38
728.02856,225.38
728.936,225.38
729.928,225.38
730.9192,225.38
731.9104,225.38
732.89374,225.38
733.7922,225.38
734.77637,225.38
735.7684,225.38
736.7595,225.38
737.75073,225.38
738.6536,225.38
739.62305,225.38
740.61426,225.38
741.60626,225.38
742.5974,225.38
743.5135,225.38
744.47217,225.38
745.4633,225.38
746.4545,225.38
747.44653,225.38
748.3709,225.38
749.3174,225.38
750.3094,225.38
751.3006,225.38
752.29175,225.38
753.23303,225.38
754.166,225.38
755.1572,225.38
756.14923,225.38
757.1404,225.38
758.0895,225.38
759.0118,225.38
760.003,225.38
760.9942,225.38
761.9862,225.38
762.94824,225.38
763.85846,225.38
764.85046,225.38
765.8417,225.38
766.8328,225.38
767.81256,225.38
768.7122,225.38
769.7017,225.38
770.6937,225.38
771.6849,225.38
772.6761,225.38
773.57666,225.38
774.5481,225.38
775.5393,225.38
776.5313,225.38
777.5225,225.38
778.43713,225.38
779.3972,225.38
780.3884,225.38
781.37964,225.38
782.37164,225.38
783.2946,225.38
784.24396,225.38
785.23596,225.38
786.2271,225.38
787.2191,225.38
788.1573,225.38
789.09375,225.38
790.08575,225.38
791.0769,225.38
792.0681,225.38
793.01575,225.38
793.94183,225.38
794.93304,225.38
795.92505,225.38
796.91626,225.38
797.87494,225.38
798.7886,225.38
799.7798,225.38
800.77094,225.38
801.76294,225.38
802.7361,225.38
803.6347,225.38
804.6267,225.38
805.6179,225.38
806.60913,225.38
807.6011,225.38
808.4971,225.38
809.47125,225.38
810.46326,225.38
811.4544,225.38
812.4456,225.38
813.3554,225.38
814.3162,225.38
815.30743,225.38
816.29944,225.38
817.2906,225.38
818.2114,225.38
819.1622,225.38
820.1534,225.38
821.1446,225.38
822.1366,225.38
823.07153,225.38
824.00793,225.38
824.9999,225.38
825.9911,225.38
826.9823,225.38
827.9283,225.38
828.85443,225.38
829.84564,225.38
830.83765,225.38
831.82886,225.38
832.78687,225.38
833.7028,225.38
834.69403,225.38
835.6852,225.38
836.6772,225.38
837.64856,225.38
838.5504,225.38
839.54236,225.38
840.53357,225.38
841.5248,225.38
842.5168,225.38
843.4149,225.38
844.3909,225.38
845.38293,225.38
846.37415,225.38
847.36536,225.38
848.275,225.38
849.23846,225.38
850.2297,225.38
851.2217,225.38
852.2128,225.38
853.13464,225.38
854.0867,225.38
855.0779,225.38
856.0691,225.38
857.06104,225.38
857.9945,225.38
858.93506,225.38
859.92706,225.38
860.9183,225.38
861.9103,225.38
862.8548,225.38
863.78534,225.38
864.77734,225.38
865.76855,225.38
866.75977,225.38
867.71643,225.38
868.6338,225.38
869.625,225.38
870.617,225.38
871.6082,225.38
872.57715,225.38
873.48267,225.38
874.4739,225.38
875.4651,225.38
876.4571,225.38
877.44434,225.38
878.33813,225.38
879.31793,225.38
880.3091,225.38
881.3003,225.38
882.2923,225.38
883.1981,225.38
884.16296,225.38
885.15497,225.38
886.1462,225.38
887.1374,225.38
888.0573,225.38
889.0103,225.38
890.00146,225.38
890.99347,225.38
891.9847,225.38
892.91406,225.38
893.857,225.38
894.84814,225.38
895.83936,225.38
896.83136,225.38
897.773,225.38
898.7027,225.38
899.6947,225.38
900.6859,225.38
901.6771,225.38
902.6325,225.38
903.55176,225.38
904.54297,225.38
905.535,225.38
906.5262,225.38
907.4933,225.38
908.39935,225.38
909.39056,225.38
910.3818,225.38
911.3738,225.38
912.35815,225.38
913.25494,225.38
914.2372,225.38
915.22833,225.38
916.21954,225.38
917.21155,225.38
918.11743,225.38
919.085,225.38
920.077,225.38
921.0682,225.38
922.0594,225.38
922.97943,225.38
923.93567,225.38
924.9269,225.38
925.9189,225.38
926.9101,225.38
927.8358,225.38
928.78326,225.38
929.7745,225.38
930.7657,225.38
931.7577,225.38
932.6993,225.38
933.63275,225.38
934.62476,225.38
935.6159,225.38
936.6079,225.38
937.5573,225.38
938.4785,225.38
939.4705,225.38
940.46173,225.38
941.45294,225.38
942.4186,225.38
943.3279,225.38
944.31903,225.38
945.31104,225.38
946.30225,225.38
947.2817,225.38
948.1794,225.38
949.16614,225.38
950.15735,225.38
951.14935,225.38
952.14056,225.38
953.04333,225.38
954.01483,225.38
955.00604,225.38
955.99725,225.38
956.98926,225.38
957.90564,225.38
958.8613,225.38
959.85333,225.38
960.84454,225.38
961.83575,225.38
962.7596,225.38
963.708,225.38
964.6992,225.38
965.6912,225.38
966.68243,225.38
967.6212,225.38
968.5562,225.38
969.5474,225.38
970.53864,225.38
971.53064,225.38
972.47906,225.38
973.4039,225.38
974.3959,225.38
975.3871,225.38
976.3783,225.38
977.33936,225.38
978.25134,225.38
979.24255,225.38
980.2345,225.38
981.2257,225.38
982.2009,225.38
983.1003,225.38
984.09045,225.38
985.08167,225.38
986.07367,225.38
987.0648,225.38
987.9665,225.38
988.9395,225.38
989.93066,225.38
990.9219,225.38
991.9139,225.38
992.82605,225.38
993.7865,225.38
994.7785,225.38
995.76965,225.38
996.76086,225.38
997.68427,225.38
998.6341,225.38
999.6253,225.38
1000.6173,225.38
1001.60846,225.38
1002.5456,225.38
1003.4832,225.38
1004.4744,225.38
1005.4656,225.38
1006.4576,225.38
1007.4031,225.38
1008.3299,225.38
1009.3219,225.38
1010.3131,225.38
1011.3051,225.38
1012.2631,225.38
1013.17725,225.38
1014.16925,225.38
1015.16046,225.38
1016.1517,225.38
1017.1239,225.38
1018.02356,225.38
1019.0147,225.38
1020.0067,225.38
1020.9979,225.38
1021.98914,225.38
1022.8842,225.38
1023.8601,225.38
1024.8513,225.38
1025.8433,225.38
1026.8345,225.38
1027.7435,225.38
1028.708,225.38
1029.6992,225.38
1030.6903,225.38
1031.6824,225.38
1032.6046,225.38
1033.5549,225.38
1034.547,225.38
1035.5382,225.38
1036.5294,225.38
1037.4637,225.38
1038.4026,225.38
1039.3938,225.38
1040.3859,225.38
1041.3771,225.38
1042.3219,225.38
1043.251,225.38
1044.2422,225.38
1045.2334,225.38
1046.2255,225.38
1047.1809,225.38
1048.0977,225.38
1049.0897,225.38
1050.0809,225.38
1051.072,225.38
1052.0417,225.38
1052.9479,225.38
1053.9391,225.38
1054.931,225.38
1055.9222,225.38
1056.9109,225.38
1057.8083,225.38
1058.7882,225.38
1059.7794,225.38
1060.7714,225.38
1061.7626,225.38
1062.6714,225.38
1063.6377,225.38
1064.6288,225.38
1065.62,225.38
1066.612,225.38
1067.5316,225.38
1068.4854,225.38
1069.4774,225.38
1070.4686,225.38
1071.4598,225.38
1072.3904,225.38
1073.3347,225.38
1074.3258,225.38
1075.3179,225.38
1076.3091,225.38
1077.2512,225.38
1078.1833,225.38
1079.1746,225.38
1080.1658,225.38
1081.1577,225.38
1082.11,225.38
1083.0298,225.38
1084.0217,225.38
1085.013,225.38
1086.0049,225.38
1086.9702,225.38
1087.877,225.38
1088.869,225.38
1089.8601,225.38
1090.8513,225.38
1091.8344,225.38
1092.73,225.38
1093.7133,225.38
1094.7052,225.38
1095.6964,225.38
1096.6876,225.38
1097.5911,225.38
1098.558,225.38
1099.5492,225.38
1100.5413,225.38
1101.5323,225.38
1102.4491,225.38
1103.406,225.38
1104.3972,225.38
1105.3884,225.38
1106.3805,225.38
1107.3058,225.38
1108.2515,225.38
1109.2435,225.38
1110.2347,225.38
1111.226,225.38
1112.1663,225.38
1113.0983,225.38
1114.0895,225.38
1115.0815,225.38
1116.0726,225.38
1117.0228,225.38
1117.9464,225.38
1118.9376,225.38
1119.9288,225.38
1120.9209,225.38
1121.8844,225.38
1122.7931,225.38
1123.785,225.38
1124.7762,225.38
1125.7675,225.38
1126.7474,225.38
1127.6467,225.38
1128.6326,225.38
1129.6245,225.38
1130.6157,225.38
1131.6069,225.38
1132.5101,225.38
1133.4807,225.38
1134.4719,225.38
1135.4639,225.38
1136.4551,225.38
1137.3712,225.38
1138.3312,225.38
1139.3224,225.38
1140.3136,225.38
1141.3055,225.38
1142.229,225.38
1143.1779,225.38
1144.1698,225.38
1145.161,225.38
1146.1522,225.38
1147.0913,225.38
1148.0248,225.38
1149.016,225.38
1150.0079,225.38
1150.9991,225.38
1151.9473,225.38
1152.8723,225.38
1153.8635,225.38
1154.8547,225.38
1155.8468,225.38
1156.8071,225.38
1157.7194,225.38
1158.7113,225.38
1159.7025,225.38
1160.6946,225.38
1161.6704,225.38
1162.567,225.38
1163.5591,225.38
1164.5502,225.38
1165.5414,225.38
1166.5334,225.38
1167.4321,225.38
1168.4062,225.38
1169.3982,225.38
1170.3894,225.38
1171.3806,225.38
1172.2924,225.38
1173.2539,225.38
1174.2451,225.38
1175.2372,225.38
1176.2284,225.38
1177.1495,225.38
1178.0996,225.38
1179.0908,225.38
1180.0819,225.38
1181.074,225.38
1182.0084,225.38
1182.9463,225.38
1183.9384,225.38
1184.9294,225.38
1185.9207,225.38
1186.8662,225.38
1187.794,225.38
1188.7852,225.38
1189.7771,225.38
1190.7683,225.38
1191.7255,225.38
1192.6422,225.38
1193.6334,225.38
1194.6246,225.38
1195.6166,225.38
1196.5874,225.38
1197.4893,225.38
1198.4813,225.38
1199.4725,225.38
1200.4637,225.38
1201.4557,225.38
1202.3529,225.38
1203.3282,225.38
1204.3202,225.38
1205.3114,225.38
1206.3026,225.38
1207.2123,225.38
1208.1757,225.38
1209.1669,225.38
1210.1588,225.38
1211.15,225.38
1212.0704,225.38
1213.0238,225.38
1214.0149,225.38
1215.0061,225.38
1215.9982,225.38
1216.9312,225.38
1217.8717,225.38
1218.8636,225.38
1219.8549,225.38
1220.8461,225.38
1221.7899,225.38
1222.7203,225.38
1223.7115,225.38
1224.7036,225.38
1225.6948,225.38
1226.6494,225.38
1227.5659,225.38
1228.5571,225.38
1229.5483,225.38
1230.5403,225.38
1231.508,225.38
1232.4128,225.38
1233.4049,225.38
1234.3961,225.38
1235.3881,225.38
1236.3762,225.38
1237.2717,225.38
1238.2523,225.38
1239.2435,225.38
1240.2347,225.38
1241.2267,225.38
1242.1337,225.38
1243.1002,225.38
1244.0922,225.38
1245.0834,225.38
1246.0746,225.38
1246.9961,225.38
1247.95,225.38
1248.9412,225.38
1249.9331,225.38
1250.9243,225.38
1251.8545,225.38
1252.7974,225.38
1253.7886,225.38
1254.7798,225.38
1255.7717,225.38
1256.7141,225.38
1257.6436,225.38
1258.6356,225.38
1259.6268,225.38
1260.618,225.38
1261.5724,225.38
1262.4913,225.38
1263.4825,225.38
1264.4745,225.38
1265.4657,225.38
1266.4316,225.38
1267.3405,225.38
1268.3317,225.38
1269.3229,225.38
1270.3148,225.38
1271.2983,225.38
1272.1984,225.38
1273.1826,225.38
1274.1738,225.38
1275.165,225.38
1276.1571,225.38
1277.0621,225.38
1278.03,225.38
1279.0221,225.38
1280.0133,225.38
1281.0044,225.38
1281.9232,225.38
1282.8778,225.38
1283.869,225.38
1284.8611,225.38
1285.8523,225.38
1286.7782,225.38
1287.725,225.38
1288.7162,225.38
1289.7074,225.38
1290.6993,225.38
1291.6412,225.38
1292.5721,225.38
1293.5641,225.38
1294.5553,225.38
1295.5465,225.38
1296.4983,225.38
1297.4214,225.38
1298.4126,225.38
1299.4047,225.38
1300.3959,225.38
1301.359,225.38
1302.2701,225.38
1303.2614,225.38
1304.2526,225.38
1305.2445,225.38
1306.2235,225.38
1307.1198,225.38
1308.1079,225.38
1309.0991,225.38
1310.0912,225.38
1311.0824,225.38
1311.984,225.38
1312.9542,225.38
1313.9454,225.38
1314.9366,225.38
1315.9287,225.38
1316.8441,225.38
1317.8027,225.38
1318.7948,225.38
1319.7859,225.38
1320.7771,225.38
1321.7009,225.38
1322.6493,225.38
1323.6405,225.38
1324.6326,225.38
1325.6238,225.38
1326.5616,225.38
1327.4952,225.38
1328.4865,225.38
1329.4777,225.38
1330.4696,225.38
1331.419,225.38
1332.3455,225.38
1333.3375,225.38
1334.3287,225.38
1335.3198,225.38
1336.2822,225.38
1337.1926,225.38
1338.1838,225.38
1339.1758,225.38
1340.167,225.38
1341.1423,225.38
1342.0408,225.38
1343.0311,225.38
1344.0223,225.38
1345.0143,225.38
1346.0055,225.38
1346.9053,225.38
1347.879,225.38
1348.8702,225.38
1349.8615,225.38
1350.8534,225.38
1351.7661,225.38
1352.7277,225.38
1353.7196,225.38
1354.7108,225.38
1355.702,225.38
1356.6248,225.38
1357.5754,225.38
1358.5667,225.38
1359.5587,225.38
1360.5499,225.38
1361.4861,225.38
1362.4227,225.38
1363.414,225.38
1364.4052,225.38
1365.3972,225.38
1366.3429,225.38
1367.2689,225.38
1368.261,225.38
1369.2522,225.38
1370.2433,225.38
1371.2026,225.38
1372.1168,225.38
1373.108,225.38
1374.1001,225.38
1375.0913,225.38
1376.0659,225.38
1376.9677,225.38
1377.9589,225.38
1378.9501,225.38
1379.9421,225.38
1380.9333,225.38
1381.8302,225.38
1382.8071,225.38
1383.7982,225.38
1384.7903,225.38
1385.7815,225.38
1386.6904,225.38
1387.6538,225.38
1388.645,225.38
1389.6362,225.38
1390.6282,225.38
1391.5483,225.38
1392.4989,225.38
1393.491,225.38
1394.482,225.38
1395.4733,225.38
1396.4069,225.38
1397.3467,225.38
1398.3379,225.38
1399.33,225.38
1400.3212,225.38
1401.2656,225.38
1402.1976,225.38
1403.1888,225.38
1404.18,225.38
1405.1721,225.38
1406.1278,225.38
1407.0461,225.38
1408.0382,225.38
1409.0293,225.38
1410.0205,225.38
1410.9897,225.38
1411.8938,225.38
1412.885,225.38
1413.877,225.38
1414.8682,225.38
1415.8557,225.38
1416.756,225.38
1417.7335,225.38
1418.7247,225.38
1419.7168,225.38
1420.708,225.38
1421.6152,225.38
1422.5822,225.38
1423.5734,225.38
1424.5646,225.38
1425.5566,225.38
1426.4772,225.38
1427.4312,225.38
1428.4232,225.38
1429.4144,225.38
1430.4055,225.38
1431.3364,225.38
1432.2794,225.38
1433.2706,225.38
1434.2626,225.38
1435.2538,225.38
1436.1957,225.38
1437.1263,225.38
1438.1176,225.38
1439.1088,225.38
1440.1008,225.38
1441.0547,225.38
1441.9724,225.38
1442.9644,225.38
1443.9556,225.38
1444.9468,225.38
1445.9135,225.38
1446.8203,225.38
1447.8115,225.38
1448.8035,225.38
1449.7947,225.38
1450.7786,225.38
1451.6768,225.38
1452.6603,225.38
1453.6514,225.38
1454.6434,225.38
1455.6346,225.38
1456.5402,225.38
1457.5106,225.38
1458.5018,225.38
1459.4938,225.38
1460.485,225.38
1461.4036,225.38
1462.3602,225.38
1463.3514,225.38
1464.3427,225.38
1465.3346,225.38
1466.2617,225.38
1467.2068,225.38
1468.1989,225.38
1469.1901,225.38
1470.1813,225.38
1471.1229,225.38
1472.0563,225.38
1473.0475,225.38
1474.0396,225.38
1475.0308,225.38
1475.9811,225.38
1476.9042,225.38
1477.8954,225.38
1478.8866,225.38
1479.8787,225.38
1480.8416,225.38
1481.7532,225.38
1482.7451,225.38
1483.7363,225.38
1484.7275,225.38
1485.7076,225.38
1486.6066,225.38
1487.5955,225.38
1488.5874,225.38
1489.5786,225.38
1490.5698,225.38
1491.4719,225.38
1492.4431,225.38
1493.4343,225.38
1494.4263,225.38
1495.4175,225.38
1496.3317,225.38
1497.2919,225.38
1498.2831,225.38
1499.2743,225.38
1500.2664,225.38
1501.1898,225.38
1502.14,225.38
1503.132,225.38
1504.1232,225.38
1505.1144,225.38
1506.0544,225.38
1506.9907,225.38
1507.9819,225.38
1508.9739,225.38
1509.9651,225.38
1510.9133,225.38
1511.8401,225.38
1512.8313,225.38
1513.8225,225.38
1514.8146,225.38
1515.7731,225.38
1516.6873,225.38
1517.6792,225.38
1518.6704,225.38
1519.6616,225.38
1520.6348,225.38
1521.5358,225.38
1522.5269,225.38
1523.5189,225.38
1524.5101,225.38
1525.5013,225.38
1526.4008,225.38
1527.3761,225.38
1528.3673,225.38
1529.3594,225.38
1530.3505,225.38
1531.261,225.38
1532.2262,225.38
1533.2174,225.38
1534.2094,225.38
1535.2006,225.38
1536.1235,225.38
1537.0762,225.38
1538.0674,225.38
1539.0586,225.38
1540.0505,225.38
1540.9838,225.38
1541.9243,225.38
1542.9163,225.38
1543.9075,225.38
1544.8987,225.38
1545.8436,225.38
1546.7723,225.38
1547.7635,225.38
1548.7556,225.38
1549.7468,225.38
1550.703,225.38
1551.6215,225.38
1552.6127,225.38
1553.6039,225.38
1554.5958,225.38
1555.5651,225.38
1556.4714,225.38
1557.4634,225.38
1558.4546,225.38
1559.4458,225.38
1560.4338,225.38
1561.3296,225.38
1562.311,225.38
1563.303,225.38
1564.2942,225.38
1565.2854,225.38
1566.1921,225.38
1567.1571,225.38
1568.1483,225.38
1569.1403,225.38
1570.1315,225.38
1571.0491,225.38
1572.0035,225.38
1572.9948,225.38
1573.986,225.38
1574.9779,225.38
1575.9069,225.38
1576.8489,225.38
1577.8408,225.38
1578.832,225.38
1579.8232,225.38
1580.7662,225.38
1581.698,225.38
1582.6892,225.38
1583.6812,225.38
1584.6724,225.38
1585.6263,225.38
1586.5485,225.38
1587.5397,225.38
1588.5309,225.38
1589.5228,225.38
1590.4886,225.38
1591.3953,225.38
1592.3873,225.38
1593.3785,225.38
1594.3698,225.38
1595.3536,225.38
1596.2509,225.38
1597.2344,225.38
1598.2263,225.38
1599.2175,225.38
1600.2087,225.38
1601.1146,225.38
1602.0834,225.38
1603.0746,225.38
1604.0667,225.38
1605.0577,225.38
1605.9773,225.38
1606.9346,225.38
1607.9258,225.38
1608.9177,225.38
1609.9089,225.38
1610.8336,225.38
1611.7825,225.38
1612.7737,225.38
1613.7649,225.38
1614.7568,225.38
1615.6967,225.38
1616.6309,225.38
1617.6228,225.38
1618.614,225.38
1619.6052,225.38
1620.555,225.38
1621.4781,225.38
1622.4694,225.38
1623.4613,225.38
1624.4525,225.38
1625.4148,225.38
1626.3254,225.38
1627.3167,225.38
1628.3079,225.38
1629.2999,225.38
1630.2792,225.38
1631.178,225.38
1632.1658,225.38
1633.157,225.38
1634.1482,225.38
1635.1403,225.38
1636.0406,225.38
1637.0117,225.38
1638.0037,225.38
1638.9949,225.38
1639.9861,225.38
1640.901,225.38
1641.8608,225.38
1642.852,225.38
1643.844,225.38
1644.8352,225.38
1645.7578,225.38
1646.7068,225.38
1647.698,225.38
1648.6892,225.38
1649.6813,225.38
1650.6191,225.38
1651.5547,225.38
1652.5466,225.38
1653.5378,225.38
1654.529,225.38
1655.477,225.38
1656.4005,225.38
1657.3917,225.38
1658.3837,225.38
1659.3749,225.38
1660.3351,225.38
1661.2479,225.38
1662.2391,225.38
1663.2303,225.38
1664.2223,225.38
1665.198,225.38
1666.0991,225.38
1667.0912,225.38
1668.0824,225.38
1669.0736,225.38
1670.0656,225.38
1670.9642,225.38
1671.9374,225.38
1672.9294,225.38
1673.9207,225.38
1674.9119,225.38
1675.825,225.38
1676.7865,225.38
1677.7777,225.38
1678.7698,225.38
1679.761,225.38
1680.6829,225.38
1681.634,225.38
1682.6252,225.38
1683.6172,225.38
1684.6084,225.38
1685.5441,225.38
1686.4839,225.38
1687.475,225.38
1688.4662,225.38
1689.4583,225.38
1690.4027,225.38
1691.3319,225.38
1692.324,225.38
1693.3152,225.38
1694.3063,225.38
1695.263,225.38
1696.1787,225.38
1697.1698,225.38
1698.1619,225.38
1699.1531,225.38
1700.1238,225.38
1701.0256,225.38
1702.0168,225.38
1703.008,225.38
1704,225.38
1704.9912,225.38
1705.8846,225.38
1706.8622,225.38
1707.8533,225.38
1708.8445,225.38
1709.8365,225.38
1710.7438,225.38
1711.7063,225.38
1712.6984,225.38
1713.6895,225.38
1714.6807,225.38
1715.6006,225.38
1716.5522,225.38
1717.5435,225.38
1718.5355,225.38
1719.5267,225.38
1720.4592,225.38
1721.3988,225.38
1722.39,225.38
1723.3812,225.38
1724.3732,225.38
1725.3169,225.38
1726.2454,225.38
1727.2374,225.38
1728.2286,225.38
1729.2198,225.38
1730.177,225.38
1731.0938,225.38
1732.085,225.38
1733.0769,225.38
1734.0681,225.38
1735.0366,225.38
1735.9421,225.38
1736.9333,225.38
1737.9246,225.38
1738.9165,225.38
1739.9056,225.38
1740.803,225.38
1741.7822,225.38
1742.7734,225.38
1743.7646,225.38
1744.7567,225.38
1745.6646,225.38
1746.63,225.38
1747.6221,225.38
1748.6133,225.38
1749.6044,225.38
1750.525,225.38
1751.4783,225.38
1752.4695,225.38
1753.4614,225.38
1754.4526,225.38
1755.3835,225.38
1756.3274,225.38
1757.3186,225.38
1758.3107,225.38
1759.3019,225.38
1760.2445,225.38
1761.1777,225.38
1762.169,225.38
1763.1602,225.38
1764.1521,225.38
1765.1068,225.38
1766.0254,225.38
1767.0173,225.38
1768.0085,225.38
1768.9998,225.38
1769.967,225.38
1770.8743,225.38
1771.8655,225.38
1772.8574,225.38
1773.8486,225.38
1774.8318,225.38
1775.728,225.38
1776.7095,225.38
1777.7007,225.38
1778.6926,225.38
1779.6838,225.38
1780.5879,225.38
1781.5554,225.38
1782.5466,225.38
1783.5377,225.38
1784.5298,225.38
1785.4465,225.38
1786.4019,225.38
1787.3939,225.38
1788.3851,225.38
1789.3762,225.38
1790.304,225.38
1791.2485,225.38
1792.2397,225.38
1793.2318,225.38
1794.2229,225.38
1795.163,225.38
1796.0951,225.38
1797.0863,225.38
1798.0775,225.38
1799.0695,225.38
1800.0212,225.38
1800.9434,225.38
1801.9353,225.38
1802.9265,225.38
1803.9177,225.38
1804.8813,225.38
1805.7892,225.38
1806.7804,225.38
1807.7723,225.38
1808.7635,225.38
1809.7435,225.38
1810.6418,225.38
1811.6265,225.38
1812.6177,225.38
1813.6096,225.38
1814.6008,225.38
1815.5048,225.38
1816.4749,225.38
1817.4661,225.38
1818.4573,225.38
1819.4492,225.38
1820.3673,225.38
1821.3247,225.38
1822.3168,225.38
1823.3079,225.38
1824.2991,225.38
1825.2239,225.38
1826.1724,225.38
1827.1635,225.38
1828.1555,225.38
1829.1467,225.38
1830.0873,225.38
1831.0226,225.38
1832.0138,225.38
1833.0057,225.38
1833.997,225.38
1834.9443,225.38
1835.8704,225.38
1836.8616,225.38
1837.8528,225.38
1838.8448,225.38
1839.807,225.38
1840.7189,225.38
1841.7109,225.38
1842.7021,225.38
1843.6934,225.38
1844.6715,225.38
1845.569,225.38
1846.5577,225.38
1847.5498,225.38
1848.541,225.38
1849.5321,225.38
1850.4326,225.38
1851.4045,225.38
1852.3958,225.38
1853.3878,225.38
1854.379,225.38
1855.2926,225.38
1856.2511,225.38
1857.2423,225.38
1858.2335,225.38
1859.2256,225.38
1860.1476,225.38
1861.097,225.38
1862.089,225.38
1863.0802,225.38
1864.0714,225.38
1865.0085,225.38
1865.9452,225.38
1866.9364,225.38
1867.9285,225.38
1868.9197,225.38
1869.8662,225.38
1870.7937,225.38
1871.7849,225.38
1872.7761,225.38
1873.7681,225.38
1874.7257,225.38
1875.6399,225.38
1876.6318,225.38
1877.623,225.38
1878.6143,225.38
1879.5873,225.38
1880.4875,225.38
1881.4788,225.38
1882.4708,225.38
1883.462,225.38
1884.4532,225.38
1885.3524,225.38
1886.3279,225.38
1887.319,225.38
1888.311,225.38
1889.3022,225.38
1890.212,225.38
1891.1757,225.38
1892.1669,225.38
1893.1581,225.38
1894.15,225.38
1895.0714,225.38
1896.0225,225.38
1897.0144,225.38
1898.0056,225.38
1898.9968,225.38
1899.9323,225.38
1900.8716,225.38
1901.8628,225.38
1902.8547,225.38
1903.846,225.38
1904.7892,225.38
1905.7191,225.38
1906.7102,225.38
1907.7023,225.38
1908.6935,225.38
1909.6499,225.38
1910.5664,225.38
1911.5576,225.38
1912.5488,225.38
1913.5409,225.38
1914.5101,225.38
1915.4119,225.38
1916.4039,225.38
1917.3951,225.38
1918.3864,225.38
1919.3767,225.38
1920.2693,225.38
1921.2489,225.38
1922.241,225.38
1923.2322,225.38
1924.2234,225.38
1925.1326,225.38
1926.0974,225.38
1927.0885,225.38
1928.0806,225.38
1929.0718,225.38
1929.9928,225.38
1930.9452,225.38
1931.9364,225.38
1932.9276,225.38
1933.9196,225.38
1934.8512,225.38
1935.792,225.38
1936.784,225.38
1937.7753,225.38
1938.7665,225.38
1939.7108,225.38
1940.6404,225.38
1941.6316,225.38
1942.6237,225.38
1943.6149,225.38
1944.5691,225.38
1945.4885,225.38
1946.4797,225.38
1947.471,225.38
1948.4629,225.38
1949.4296,225.38
1950.3379,225.38
1951.33,225.38
1952.3212,225.38
1953.3123,225.38
1954.2977,225.38
1955.196,225.38
1956.1782,225.38
1957.1702,225.38
1958.1614,225.38
1959.1526,225.38
1960.0593,225.38
1961.0277,225.38
1962.0188,225.38
1963.0109,225.38
1964.0021,225.38
1964.92,225.38
1965.8762,225.38
1966.8674,225.38
1967.8586,225.38
1968.8506,225.38
1969.778,225.38
1970.7247,225.38
1971.7167,225.38
1972.7079,225.38
1973.6991,225.38
1974.6401,225.38
1975.5734,225.38
1976.5646,225.38
1977.5565,225.38
1978.5477,225.38
1979.4977,225.38
1980.4205,225.38
1981.4117,225.38
1982.4038,225.38
1983.3949,225.38
1984.3584,225.38
1985.2678,225.38
1986.259,225.38
1987.2501,225.38
1988.2422,225.38
1989.2208,225.38
1990.1167,225.38
1991.104,225.38
1992.0952,225.38
1993.0864,225.38
1994.0784,225.38
1994.9786,225.38
1995.948,225.38
1996.9401,225.38
1997.9313,225.38
1998.9224,225.38
1999.8379,225.38
2000.7969,225.38
2001.7881,225.38
2002.78,225.38
2003.7712,225.38
2004.694,225.38
2005.6431,225.38
2006.6343,225.38
2007.6255,225.38
2008.6176,225.38
2009.5555,225.38
2010.4891,225.38
2011.4811,225.38
2012.4723,225.38
2013.4635,225.38
2014.4124,225.38
2015.3373,225.38
2016.3285,225.38
2017.3204,225.38
2018.3116,225.38
2019.2732,225.38
2020.1847,225.38
2021.1759,225.38
2022.167,225.38
2023.159,225.38
2024.1353,225.38
2025.0336,225.38
2026.0242,225.38
2027.0154,225.38
2028.0066,225.38
2028.9985,225.38
2029.8994,225.38
2030.8715,225.38
2031.8635,225.38
2032.8547,225.38
2033.846,225.38
2034.7606,225.38
2035.7219,225.38
2036.7131,225.38
2037.7052,225.38
2038.6964,225.38
2039.6189,225.38
2040.5696,225.38
2041.5608,225.38
2042.552,225.38
2043.544,225.38
2044.4797,225.38
2045.4158,225.38
2046.4077,225.38
2047.3989,225.38
2048.3901,225.38
2049.3374,225.38
2050.2634,225.38
2051.2546,225.38
2052.2466,225.38
2053.2378,225.38
2054.1946,225.38
2055.1104,225.38
2056.1016,225.38
2057.0935,225.38
2058.0847,225.38
2059.0583,225.38
2059.958,225.38
2060.9492,225.38
2061.9404,225.38
2062.9324,225.38
2063.9236,225.38
2064.8206,225.38
2065.797,225.38
2066.7883,225.38
2067.7795,225.38
2068.7715,225.38
2069.6807,225.38
2070.644,225.38
2071.6362,225.38
2072.6272,225.38
2073.6184,225.38
2074.5393,225.38
2075.4905,225.38
2076.4817,225.38
2077.4736,225.38
2078.4648,225.38
2079.3975,225.38
2080.3386,225.38
2081.3298,225.38
2082.321,225.38
2083.313,225.38
2084.256,225.38
2085.1853,225.38
2086.1772,225.38
2087.1685,225.38
2088.1597,225.38
2089.1155,225.38
2090.0337,225.38
2091.025,225.38
2092.0168,225.38
2093.008,225.38
2093.976,225.38
2094.8816,225.38
2095.8728,225.38
2096.864,225.38
2097.856,225.38
2098.8447,225.38
2099.7417,225.38
2100.7205,225.38
2101.7117,225.38
2102.703,225.38
2103.6948,225.38
2104.6016,225.38
2105.5671,225.38
2106.559,225.38
2107.5503,225.38
2108.5415,225.38
2109.4622,225.38
2110.416,225.38
2111.4072,225.38
2112.3992,225.38
2113.3904,225.38
2114.321,225.38
2115.2646,225.38
2116.2559,225.38
2117.247,225.38
2118.239,225.38
2119.181,225.38
2120.1125,225.38
2121.1047,225.38
2122.0957,225.38
2123.087,225.38
2124.04,225.38
2124.9583,225.38
2125.9492,225.38
2126.9414,225.38
2127.9326,225.38
2128.8977,225.38
2129.8052,225.38
2130.7964,225.38
2131.7883,225.38
2132.7795,225.38
2133.7632,225.38
2134.6604,225.38
2135.6438,225.38
2136.635,225.38
2137.627,225.38
2138.6182,225.38
2139.5256,225.38
2140.493,225.38
2141.4841,225.38
2142.4753,225.38
2143.4673,225.38
2144.3867,225.38
2145.3413,225.38
2146.3335,225.38
2147.3247,225.38
2148.316,225.38
2149.2444,225.38
2150.189,225.38
2151.1802,225.38
2152.172,225.38
2153.1633,225.38
2154.1042,225.38
2155.036,225.38
2156.027,225.38
2157.0183,225.38
2158.0103,225.38
2158.9626,225.38
2159.8828,225.38
2160.8748,225.38
2161.866,225.38
2162.8572,225.38
2163.8213,225.38
2164.732,225.38
2165.7231,225.38
2166.715,225.38
2167.7063,225.38
2168.6875,225.38
2169.588,225.38
2170.5742,225.38
2171.5654,225.38
2172.5574,225.38
2173.5486,225.38
2174.4521,225.38
2175.4229,225.38
2176.414,225.38
2177.4053,225.38
2178.3972,225.38
2179.313,225.38
2180.2695,225.38
2181.2615,225.38
2182.2527,225.38
2183.244,225.38
2184.1682,225.38
2185.1167,225.38
2186.108,225.38
2187.0999,225.38
2188.091,225.38
2189.0317,225.38
2189.9646,225.38
2190.9558,225.38
2191.947,225.38
2192.939,225.38
2193.888,225.38
2194.813,225.38
2195.805,225.38
2196.7961,225.38
2197.7874,225.38
2198.7502,225.38
2199.6616,225.38
2200.6528,225.38
2201.645,225.38
2202.6362,225.38
2203.612,225.38
2204.5098,225.38
2205.4983,225.38
2206.4902,225.38
2207.4814,225.38
2208.4727,225.38
2209.3738,225.38
2210.3442,225.38
2211.3354,225.38
2212.3276,225.38
2213.3188,225.38
2214.2324,225.38
2215.1934,225.38
2216.1846,225.38
2217.1758,225.38
2218.1677,225.38
2219.0896,225.38
2220.039,225.38
2221.031,225.38
2222.0222,225.38
2223.0134,225.38
2223.951,225.38
2224.885,225.38
2225.8762,225.38
2226.8682,225.38
2227.8594,225.38
2228.807,225.38
2229.7358,225.38
2230.727,225.38
2231.7183,225.38
2232.7104,225.38
2233.67,225.38
2234.5823,225.38
2235.5742,225.38
2236.5654,225.38
2237.5566,225.38
2238.531,225.38
2239.4302,225.38
2240.4214,225.38
2241.4133,225.38
2242.4045,225.38
2243.3958,225.38
2244.2944,225.38
2245.2693,225.38
2246.2605,225.38
2247.2524,225.38
2248.2437,225.38
2249.1553,225.38
2250.1187,225.38
2251.1099,225.38
2252.101,225.38
2253.093,225.38
2254.0144,225.38
2254.9653,225.38
2255.9573,225.38
2256.9485,225.38
2257.9397,225.38
2258.8743,225.38
2259.8127,225.38
2260.804,225.38
2261.796,225.38
2262.787,225.38
2263.7312,225.38
2264.6597,225.38
2265.651,225.38
2266.642,225.38
2267.634,225.38
2268.5916,225.38
2269.5068,225.38
2270.4988,225.38
2271.49,225.38
2272.4812,225.38
2273.4539,225.38
2274.3567,225.38
2275.348,225.38
2276.34,225.38
2277.3313,225.38
2278.3232,225.38
