,kernel,C1,C2,C3,C4,C5,C6,C7,C8,C9,C10,C11,C12,C13,C14,C15
0,((PER * PER) * PER),0.2499619862014107,0.04896315518678584,0.0065480304293539255,-0.07308247415395122,0.0017042598628498567,-0.05124595673741693,0.04122671804214676,-0.03164656346518491,0.017740531239430975,-0.012297654837405131,0.008402665400619892,-0.0189929211374219,0.005452046621901505,-0.005929353925893551,0.0011309005461675702
1,((PER * PER) * RQ),0.2435385804941611,0.06294810053556625,0.04621370785010606,-0.023498613336522905,0.016982680226096523,-0.014162066286806935,-0.03204911051215577,0.0014936172512551103,-0.0026391611691006676,0.0020761995948599798,-0.002900290244208231,0.001073635288320539,-0.0015223290076537721,-0.0027235400562936342,-0.0027153311140280566
2,((PER * PER) * SE),0.2503623514949755,0.06516640490766501,0.052395780044272075,-0.019090199780786275,0.02031995668513699,-0.008560511158450346,-0.02925646652579868,-0.0028044953824099585,-0.0015868274317466056,0.0034477632007995185,-0.009764483043498943,-0.005474960659075825,-0.005868469592537814,-0.003290398268943124,-0.003152484264649483
3,((PER * PER) + PER),0.1518805610364465,0.011687208337466719,-0.0525828683756353,-0.05529624312026231,-0.038877210704058945,-0.020535786268737123,0.024873557041213516,0.0051194986293608535,-0.009103726219863755,0.0001786490069187961,-0.004939431163631011,0.00041326808993589814,-0.0018640315014539987,0.004809363118053857,-0.006925985779641596
4,((PER * PER) + RQ),0.05332960994233167,-0.05028637407535859,0.04197391183766745,-0.022423678200844087,-0.062357440958368635,-0.0064535776852665365,-0.006632807648168636,-0.020537649386468893,0.015317764982865726,-0.0043657958426588355,0.009531466754769714,0.018074620652685256,-0.004216225244110013,0.013024832299406314,-0.0010033535018472762
5,((PER * PER) + SE),0.05702309454804455,-0.04513045445757658,0.036935417021572436,-0.013158851798130464,-0.06350874616336366,-0.013113557970824289,-0.0021550575158347397,-0.01710626699838878,0.0231394126017211,0.002265631197719303,-0.002905808422118464,0.01882571759255326,-0.0006344171994663056,0.010880712081353959,-0.00971671857311634
6,((PER * RQ) * PER),0.2434769420391941,0.06317785913847729,0.04638932254345463,-0.024148049767948588,0.0169543957293248,-0.01343317624464539,-0.031174646856107952,0.0025823256366284218,-0.0014510397428181521,0.002850836015635665,-0.0035840433431292644,0.002932655406638323,-0.0033204100159031657,-0.001379611234345126,-0.0006429413345038824
7,((PER * RQ) * RQ),0.17858048247292224,0.017382169690674083,0.009181839332189818,0.02430015116592994,0.010872702429650759,0.009644463968118046,0.01696150005968326,-0.0067264611418274564,-0.0023883613794700026,-0.0004802703720169633,0.00010543131969748191,0.0033304755560448498,-0.0004963577838446045,0.0011750842745551135,-0.002239959927414492
8,((PER * RQ) * SE),0.181851339855747,0.016710193575566273,0.010188252742181617,0.025583313684398278,0.012904424088575476,0.00680287028733899,0.01846373447770109,-0.006971500764511528,-0.006237110315309095,-0.002472515584734603,-0.0030511280391561455,0.004989643672248219,0.002211876817424264,-0.005130914866390358,0.0010064312860802679
9,((PER * RQ) + PER),0.13046689880224732,0.013250039647064569,-0.029990029318269877,-0.007674052931511732,-0.023713081037140392,0.015466013314342332,-0.009740270227411906,0.024207642959405733,0.0003065087996838254,-0.010114533840778994,0.0022201805526114206,-0.0031273403139911752,0.012284838639820763,-0.0009184428811221987,-0.004289418546560997
10,((PER * RQ) + RQ),0.010893956402799795,-0.060008598988780006,0.0394706006486963,0.011252015661431341,-0.04999264738531091,0.0008906959228767465,-0.0032988826891635465,0.00020796970484853597,-0.007169210437765984,-0.009194070834323638,-0.0009919764447830107,-0.0023617653377266154,-0.006254793896257013,-0.0004996096184953393,0.005377131026030614
11,((PER * RQ) + SE),0.013400116452711688,-0.053496955404053345,0.034982993665136054,0.020084873999462363,-0.049941009566904886,-0.008816431794718454,0.0010778414568869332,0.008899198251106497,6.42464971425493e-05,-0.0012376446998662233,-0.010368459712016284,-0.0032874626359691095,0.0002793040793188889,0.0005999906748106677,-0.0010242537884678855
12,((PER * SE) * PER),0.2504194339705183,0.06511846274751651,0.05205400696158244,-0.019262096148758526,0.02049392502478154,-0.008505933417725124,-0.029440233286610003,-0.002715564958003074,-0.0027607013069287354,0.003177837409163372,-0.008784669888279702,-0.0059858703862340065,-0.005622265196083845,-0.0017750926204503368,-0.0018972849952488657
13,((PER * SE) * RQ),0.18187806947502133,0.01678345145088384,0.009896691946499931,0.02555433785948298,0.012938674483973706,0.006550763910756811,0.01786318755678352,-0.008736024495189926,-0.004468247376481115,-0.00023883628039925164,-0.0022502223210963002,0.007047285672999356,0.0039637243351368975,0.0014242425367367861,-0.0008853645690524494
14,((PER * SE) * SE),0.1840179473091797,0.016228588236394198,0.011545881126927568,0.0258969754463773,0.014336096455836004,0.004957537290697628,0.019212413272993792,-0.006962279408210895,-0.0071734372668989105,-0.0008137002380503095,-0.003998140051425363,0.008417729011530518,0.005698468170215399,-0.0037943565976094043,-0.0006861497867654141
15,((PER * SE) + PER),0.13657583718393065,0.013954863114354357,-0.025334697634027764,-0.0028810446344892343,-0.02392110319738149,0.018520103229872648,-0.007386916658532176,0.02069747604586554,0.0017644042692169862,-0.011394907308740748,-9.94045326250614e-05,-0.008464031579493613,0.009943313006215504,-0.001998410947589381,-0.0056542269398363095
16,((PER * SE) + RQ),0.013038888540336297,-0.058956398028253205,0.042409898638273096,0.012549635219040083,-0.04889444968949434,-0.0012155070054883923,-0.0009621954742882479,0.0009984227960349887,-0.006700270710729561,-0.009771117955942626,-0.00013094277807859599,0.00012041417798868305,-0.003902488001534074,-0.0074748564071442525,0.0017836613697642457
17,((PER * SE) + SE),0.015176120416266432,-0.0518646322683044,0.03719635479005888,0.021418612292365885,-0.049410729838036446,-0.01188999173340323,0.004279986121093778,0.01070634244950521,0.002474358228394771,-0.0005966043768963668,-0.009555866029409289,-0.0033304402593080096,0.001253736094258843,-0.0017682825001474464,-0.0006166641075378727
18,((PER + PER) * PER),0.2018833565664439,0.02902590775186195,-0.03759556894815064,-0.0659754165871282,-0.014963949357123326,-0.033011616066916695,0.036856946111987476,-0.009123774441316993,-0.00025145250314671493,-0.0013035669189635417,0.002668480304096377,-0.00943551814164646,7.073453856118555e-05,-0.0006412313278917122,7.564987573405157e-05
19,((PER + PER) * RQ),0.1559607829440102,0.02056016341970948,-0.009518199203328095,0.01657927696477672,-0.0037029734720881637,0.025473372175262073,0.000697863518913815,0.0017354776663863266,0.007628048684304682,0.002788214139369399,0.003594468632280456,-0.008999067520032987,-0.006222352268737445,0.008244891859169736,-0.0006253597153255809
20,((PER + PER) * SE),0.16406094558925619,0.020177345050331877,-0.006115756686795811,0.022718458891833215,0.0007590223172574749,0.024877900250787104,0.005861733977339205,-0.0022456474391176883,0.0042530416671115396,0.0022230981561226627,-0.0026187365560111564,-0.006222854565291036,-0.0006766899832804418,0.005898851931697975,-0.0005815214597655127
21,((PER + PER) + PER),0.0916065990435391,0.005936742094667442,-0.0841252061618546,-0.04791222919774745,-0.031122709697415908,-0.003171419903847452,0.01015874677616644,0.015717831613698576,-0.024788725197435895,0.012458645955000701,-0.008891043829188617,0.00738801104461083,-0.008629916389793367,0.003038309006797159,0.002538214790351444
22,((PER + PER) + RQ),0.03453168996895152,-0.034901197304039296,-0.03888962441377495,-0.020594740461579258,-0.01000684660715436,0.02297191284525185,-0.009645329747500788,-0.007656090686759016,0.007163491556146056,0.004317974179451528,0.005847207313083531,0.0024407061468588957,-0.005392290341805955,-0.009157256193539706,-0.003059674429006573
23,((PER + PER) + SE),0.03915799139516813,-0.03393303293245608,-0.04180214145886283,-0.014271345454986288,-0.00867580949724406,0.019538176794045826,-0.007145872253888812,-0.009918632610776718,0.010458244789115468,0.007361381425264855,-0.001037261614752662,0.0038866866140831904,-0.002608869683963846,-0.007036296629110173,-0.001698358751554476
24,((PER + RQ) * PER),0.1850076312515521,0.033590808553579383,-0.003784199337154266,-0.022734235832911728,-0.003632720118755848,-0.004900879874028458,-0.01567412423532943,0.01437040467083897,-0.00020540862986632953,0.0006385461192422418,0.01303984231612788,0.010586416334462508,0.007565293491945642,-0.00042674705520246207,0.008509300258765878
25,((PER + RQ) * RQ),0.034024034444660706,-0.05075459519423293,0.008202307162445377,0.021479362118995933,0.019299654139117786,-0.015180514838606246,0.005500227919750071,0.009465956277996424,-0.0026438997541137544,0.0022504087834718596,0.011562424737644874,-0.002189333725433405,-0.006428774271331451,0.0011474757013047742,-0.0020836237891221866
26,((PER + RQ) * SE),0.03693573029598416,-0.04400751062686594,0.006357318355318651,0.02654199041196501,0.018562353618898606,-0.020929301924735768,0.007898505559000237,0.014467351045807712,0.0025972356959751736,0.0063778391043426705,0.010514627816999446,0.002138822760213645,-0.005189401006878941,0.000362358332943649,-0.004740372215779294
27,((PER + RQ) + PER),0.03452727418651395,-0.034852149727249634,-0.038686815874589824,-0.020505186212103496,-0.01042905578335829,0.022725102040138178,-0.009776440730917359,-0.0078952107033696,0.007644190047145857,0.0044188779313269755,0.005422570660646484,0.0032021219192746924,-0.005197694691305789,-0.008369639783455209,-0.002792131855164595
28,((PER + RQ) + RQ),-0.054702458224854145,-0.07777307954918919,0.0020198551182170105,-0.013094529641300201,0.01816256291518129,0.003382092254475861,-0.011839927878544208,-0.012413519017517399,-0.009812532784240487,-0.0016340714293502112,0.002686039443750515,-0.003205399126918015,0.0037286946755973765,0.0026401856242508908,0.0015374042177795629
29,((PER + RQ) + SE),-0.05341819930536913,-0.07351598635676705,-0.0015725513549609343,-0.008157786811722302,0.017705048915881805,-0.004233558978371898,-0.00892973962592955,-0.007011190974630052,-0.004356026381564812,0.004265423895171274,-0.001897349123202216,-0.003131261880750505,0.0050764587841431695,0.0024941201700756045,0.0019110611609899743
30,((PER + SE) * PER),0.1907181261175061,0.03526316987058108,0.0023520247548445717,-0.019813008769855985,-0.0015887522362936176,-0.0013749329750944992,-0.01618626163591783,0.011267995223395187,0.001818025579676314,-0.0006300499208613171,0.010287307816785838,0.009591402669237147,0.007569010856555585,0.0016162701915705508,0.005552283850002678
31,((PER + SE) * RQ),0.035725067186982776,-0.046863525740732416,0.005593305570586401,0.025739584955088567,0.018658943098460026,-0.020037155468185432,0.006844571540307282,0.012102500253801274,-0.0005841440650263758,0.005984436590341592,0.009629641865050208,-0.0022923546345390107,-0.0065542040726289915,0.0010985355217894674,-0.0009941545394990749
32,((PER + SE) * SE),0.03842879271251821,-0.04128943602958611,0.004077499978166761,0.029301008688317674,0.018251585529667345,-0.023479711460023037,0.008693083865424268,0.015429905362845036,0.0028030629701136112,0.00729894316655279,0.010743024762290759,-0.0004992312875906927,-0.004215890954017396,-0.0026643639563578626,-0.004648892703694621
33,((PER + SE) + PER),0.03914515981388495,-0.03401592789825434,-0.04177283311535556,-0.014204675943494437,-0.00881028803816545,0.019433089444885386,-0.007297163084200185,-0.009325133212898072,0.009605598115895841,0.006989874613422391,-0.0011830621165959123,0.0029070699951350104,-0.002400983605826992,-0.008389410412387317,-0.0013614784789373973
34,((PER + SE) + RQ),-0.053431480358182605,-0.07363350406145486,-0.001962317614765093,-0.008187058691411139,0.017692355775500393,-0.003915142647958079,-0.008193345674899119,-0.006565504156355364,-0.0044645597235961,0.0038075380118641595,-0.0013632652989069341,-0.0028807990400284353,0.00622392978899186,0.0026185814668550915,0.0018985981263602532
35,((PER + SE) + SE),-0.05229313482447163,-0.0688374095345049,-0.005678680193752744,-0.0035480802789297303,0.017157427909732802,-0.010740654473247803,-0.005779252285341629,-0.001412263536532155,0.0014109779446894854,0.010115506128424805,-0.005748150607098018,-0.00342802809410118,0.008111194152293957,0.0023473535833789905,0.00042066700433069065
36,((RQ * PER) * PER),0.2435555648654812,0.06328058651241324,0.04595273318861057,-0.023750571291579498,0.017091358434749515,-0.013596415971056718,-0.031798016837591966,0.001685520072173124,-0.004222690452831885,0.0022046055833920535,-0.0011088981120861519,0.0007668357218462981,-0.002477416068305235,-0.00023688436225126374,-0.002720495191754583
37,((RQ * PER) * RQ),0.1786515487118145,0.017239782817278504,0.008968959197540793,0.024913434653767448,0.010836869574882627,0.0087507495600559,0.016458062280165588,-0.007095207825459183,-0.0023297356434375895,-0.00021529289570294602,-0.0010438530856759747,0.0015154381686522714,0.0011186128850446348,-0.0003934099626168323,-0.0016611964551489597
38,((RQ * PER) * SE),0.18191364862265913,0.01678117120258485,0.0098923461639161,0.025476656895791944,0.013069994415173673,0.006527855646935812,0.01858868725491286,-0.00791235019406094,-0.004648507716122348,-0.0004132920537021435,-0.002668994415902677,0.005867825372654899,0.003681173854297705,-0.003974953151568207,-0.0004273302174304075
39,((RQ * PER) + PER),0.13056782018494653,0.013007404640925188,-0.03030059226828162,-0.0070090784235807896,-0.0243668257062469,0.014327730071964404,-0.009900487304040055,0.02332049861531243,0.00045708324933738613,-0.009910569737769413,0.003170877889405203,-0.005203468881184943,0.011595733202923904,-0.001797513978402663,-0.0018318339021266554
40,((RQ * PER) + RQ),0.010999840775696604,-0.060011024785257244,0.03967847802871493,0.011489506302001525,-0.049732773564318385,0.0010174787886515805,-0.003422817124562431,-0.0009140903425285054,-0.0064530255795746064,-0.009080529199189754,-0.0011274392691000277,-0.0033168834113050435,-0.004001181109594727,-0.00383463932301987,0.004552522483156455
41,((RQ * PER) + SE),0.013476879587838378,-0.05352803331021814,0.0345106232289518,0.02018297655818141,-0.05011980162979916,-0.009493626174892602,0.0011534587509602426,0.009089281189113785,0.00012654330959227828,-0.0018868644574061638,-0.008024298900795344,-0.0014320716399361857,0.001163369569046717,0.0029773746285846666,0.006096762621002499
42,((RQ * RQ) * PER),0.1786568708555199,0.017178859198653494,0.008846087088084926,0.02468910558002802,0.010959794934480384,0.008938296474254488,0.016654889856986474,-0.006496486103363147,-0.003197998248771996,-0.0004975611792622694,-0.0022008037034404533,0.0010161470739722595,-0.0002215793598391396,-0.0009126229093432506,0.002059843083964597
43,((RQ * RQ) * RQ),-0.15566406874310443,0.044727419599148104,-0.030458092926872928,0.02651735220231516,-0.010539279766568472,-0.010274210079071608,-0.013604690027182037,-0.009665772984382126,-0.007732962655884081,-0.002408377455986056,0.003539488069700797,-0.0003984998928462553,0.0005435294843193046,0.0012278087187699686,-0.005273426209448094
44,((RQ * RQ) * SE),-0.15498435874561076,0.05127142993686304,-0.03430281976455443,0.030554149345393473,-0.011387793766437466,-0.013144101245969297,-0.012566556136296776,-0.007802583430295419,-0.003956440408963792,-0.002554278998556929,0.0012995587399747869,-0.001524175549619315,0.0017604978700811625,0.0011821088841398111,-0.0017074555640021708
45,((RQ * RQ) + PER),0.00931737947070617,-0.04780385469114212,-0.0394544943603083,-0.005072207782981073,0.04935693621849776,-0.004692613610584604,-0.004124458934256047,0.008502459384318503,0.008608267604782631,-0.02270888616680114,-0.006898978868381561,0.0027837244754798807,-0.004136801614259053,-1.2244255289350269e-05,0.0005356124457815642
46,((RQ * RQ) + RQ),-0.20577885088055975,0.017082987998219022,0.01692925879275106,-0.012224630948760607,-0.001461194024171881,0.008467478455472346,-0.0007033477861447467,-0.006305534281549414,-0.008495095965634573,-0.00611229397740518,0.007222653408138626,-0.0024004383221004587,-0.004188084065649009,-0.0019499724002911667,0.003891393352456599
47,((RQ * RQ) + SE),-0.2059352100174914,0.026698296686423862,0.013055238626664498,-0.006039964198785188,-0.0026995241251241892,0.0007727666221010294,0.00409470695061739,0.002820864780635964,0.0027063839614129967,0.0023985615266133723,-0.00011292909149619855,-0.0017197243826800154,-0.00018356176445883483,-0.0013696727481397224,0.004657419298618204
48,((RQ * SE) * PER),0.18187431121660896,0.01675814183619466,0.010186233077390897,0.0256137342632347,0.01282892384985831,0.006878432159093847,0.018293041944196915,-0.007745991596746119,-0.004886544229098233,0.0003517416769315784,-0.0026753857438796434,0.006841673160626138,0.004214136792876946,-0.0012107264872046487,0.00185433414480941
49,((RQ * SE) * RQ),-0.15501090975245654,0.05119972087757972,-0.03399150041913093,0.030912005870459537,-0.011371319861976849,-0.012886253931451605,-0.012369089254436994,-0.00884608041798556,-0.004107532064147836,-0.0017938716710023065,0.001121359725725666,-0.002105905704030536,0.0011865380588580424,0.00037779473646468853,-0.0026998663904895547
50,((RQ * SE) * SE),-0.1545755869930459,0.05701752521014093,-0.03693919616301664,0.03327988941335418,-0.012007796382173485,-0.01501687656885842,-0.01209061187119724,-0.009302206928692965,-0.00201075288063424,-0.001972675257496059,0.0004511164572105283,-0.0008223347161461989,-1.3934046576865892e-05,4.9150354253026865e-05,-0.00014334017680395726
51,((RQ * SE) + PER),0.01123037744119928,-0.04474606972698135,-0.04181447240509729,-0.001379297891427586,0.048766670030102384,-0.009033177766889923,-0.0028892863498649157,0.009943097466516485,0.009437499786615396,-0.01992956505742036,-0.010248580186765988,0.007183460902110595,-0.0057032360446974415,0.000762314236730063,0.0030063466194145214
52,((RQ * SE) + RQ),-0.20569729668373615,0.022729950869001505,0.014423258446229338,-0.00874946060248582,-0.0028663553495532007,0.0054371574173091245,0.0014796585387694212,-0.0035936116967967727,-0.0057815129894117755,-0.003645014366442371,0.0037329196337733753,0.000737564219569226,-0.0034112657593903016,-0.0007853566099632361,0.007248778576217965
53,((RQ * SE) + SE),-0.20595002143434116,0.03234854582112844,0.010704246959659363,-0.002740108102304142,-0.003975168901060995,-0.0022402374825599186,0.006763981685609312,0.005230951908885508,0.007720588205192397,0.003958329978085429,-0.0025157395338991197,-0.0021775289914337096,0.0011532710394088663,-0.0022540926499568007,0.007559165646271287
54,((RQ + PER) * PER),0.18499102231830442,0.03367219576698942,-0.0036466076836146636,-0.022707605295238832,-0.003879742353456915,-0.005049716424432157,-0.01569690416932002,0.013803220643981647,0.0013489386324141805,0.0015088387611461658,0.012776355736605068,0.01131838574810433,0.00861405278564142,0.003218999336422333,0.007025542137870404
55,((RQ + PER) * RQ),0.03405630069933119,-0.050894158522655324,0.008214226208779386,0.021669985965035842,0.018750301150420253,-0.015370815597477532,0.00532172629420683,0.009890371106937648,-0.003323682945318057,0.001704848515460215,0.009938304412654612,-0.002745104197491321,-0.006626234895147592,0.00038940733737830653,-0.0014006581834636385
56,((RQ + PER) * SE),0.03696130732131675,-0.04405593394145366,0.0064441934412664235,0.026899415690507356,0.018330458819012914,-0.021039837457229576,0.007939683650069744,0.014970150397494934,0.001464926228002415,0.006379133458138992,0.010059666899872574,-3.540696733529963e-05,-0.004623652344201355,-0.0027077471705571196,-0.0026909800931280885
57,((RQ + PER) + PER),0.034521510497615565,-0.034775557008877904,-0.03884584958464573,-0.020580422394351955,-0.009943035515882694,0.02276955640248966,-0.010089618280750301,-0.00834880888564268,0.006952109151564814,0.004231450221702878,0.006168229606095279,0.003364736153980646,-0.005729005548608667,-0.008182000827577219,-0.00403531425872697
58,((RQ + PER) + RQ),-0.05472492457027305,-0.07784858705366657,0.00214495781401765,-0.01326051786713845,0.017980843687109657,0.0035940303358286676,-0.011814672209724805,-0.012592759274658673,-0.009033381313087816,-0.001228812475294417,0.002401836346123093,-0.003668473068370293,0.002975445967432165,0.0038492768254658857,0.0008144372054926971
59,((RQ + PER) + SE),-0.053415325046412866,-0.07356917238687825,-0.0017643306457233378,-0.008126480509874873,0.017664726555810924,-0.003984989180413695,-0.008714715385140757,-0.006532035508150919,-0.0040149966755665695,0.004269896304015692,-0.002003930258671774,-0.003458704490999311,0.006089742993154159,0.0033588358437265354,0.0009282085741619746
60,((RQ + RQ) * PER),0.15588628061405513,0.02074039124338997,-0.009470376702976449,0.0165587114928647,-0.003469866053830034,0.02551335965062052,0.0009602763217556046,0.0020420523038082584,0.0077872673285108605,0.004621838929878606,0.002694860400516962,-0.010599745142128655,-0.004174237487289923,0.0059126720995110885,0.00044557523646392947
61,((RQ + RQ) * RQ),-0.18772789978238424,0.031086933590155172,-0.005199135716578639,0.005093117961004501,-0.0012629977854448698,-0.0017202354026006573,-0.005283762104488393,-0.005633429116101593,-0.003460240417476244,-0.003261589556709101,0.0026306861315923595,-0.0004890198057080352,-0.0017237218231071964,-0.00019495838589403503,-0.001469313463246126
62,((RQ + RQ) * SE),-0.18733296413558428,0.042239605362567996,-0.010272466788965859,0.011292688910280943,-0.003234541321514826,-0.007607774429976918,-0.0020444555310957587,0.0001802648902071313,0.003929298063978984,0.0019440124560776968,-0.0006901030193550127,4.022732848008724e-05,0.0021648326809522813,0.0017675820374939805,-0.0009238081048243185
63,((RQ + RQ) + PER),-0.054717474936937176,-0.07782119681371476,0.0018908893176767115,-0.01321021707674525,0.01796725251035217,0.0036935326528757073,-0.011869370431501977,-0.011409038851350669,-0.010154848804209703,-0.0022146662715428825,0.0026504896013767334,-0.0035204260148040036,0.005751905380168908,0.0019152544906298405,6.870187122230575e-06
64,((RQ + RQ) + RQ),-0.22478161405865002,0.004986244095275546,0.035566821162959644,-0.03214324234337362,0.013864478658279047,0.021691762875077396,0.004882670152978608,-0.00352941105221868,-0.011566079959423813,-0.010743010451742892,0.006205410751587262,-0.00021421220694258002,-0.003444117002752596,0.001925607399625147,-0.00566710620850055
65,((RQ + RQ) + SE),-0.2251794672347738,0.011751485093997129,0.03305273077001143,-0.027862029504689523,0.013149303275867946,0.016765846824535392,0.009353298998977334,0.0018308995234258211,-0.004152337556087064,-0.003545517005684324,0.002314021938864234,0.0009750620479054362,-0.0014522682797011384,-0.0013670117943026664,-0.005498524452286754
66,((RQ + SE) * PER),0.16036628496280808,0.02058893270382621,-0.007685674931361555,0.020208603366066516,-0.0007998821084639594,0.02554714877473785,0.0034421475521680678,-0.0009630360041584113,0.006616670988098638,0.0037475668113330957,0.0007348272043699293,-0.009158228557745007,-0.003970238583982823,0.005871303926701428,0.003802052556378809
67,((RQ + SE) * RQ),-0.18751898391906174,0.036608620695011675,-0.007894009935396079,0.008247979684092856,-0.002151329983528199,-0.0048334260761548,-0.0038100827267990695,-0.002235732889353168,0.0004897365536418104,-0.002362737937346067,0.0024159854543626133,-0.0014252533614714578,0.0026518300063627107,-0.0018269817434830745,-0.0010626119558951228
68,((RQ + SE) * SE),-0.18729697767410006,0.04688337982548453,-0.01203097104490479,0.013378730916957975,-0.0033121503947116685,-0.009178791480247155,-0.000453940637513752,-0.0001908538794417752,0.004966463416663679,0.0033030630656512776,-0.0013262970794203951,-0.0006755791036857252,0.0003518047697057154,-0.002493383698806907,0.0015772554099376527
69,((RQ + SE) + PER),-0.053409104682774815,-0.07359355192859154,-0.001767008958764906,-0.008148388916350833,0.017628227789856142,-0.003734821320436798,-0.008757536689528616,-0.006491382213118444,-0.00451723010220077,0.004161876279423048,-0.001513835922874859,-0.004014318086978353,0.005528726427081242,0.0030728015436053443,0.001122785304089841
70,((RQ + SE) + RQ),-0.22511559266189834,0.011915256903118614,0.03286795289601396,-0.028311267862561097,0.012915070629969272,0.016481785807463664,0.00924737677944697,0.002421671509487052,-0.004329655628129109,-0.004050328443702942,0.002946263808936757,-0.00046350795644190803,-0.0015940447428962783,-0.001902523402418055,-0.0026051478383062278
71,((RQ + SE) + SE),-0.22560895695701172,0.018988933392243248,0.03038954680559479,-0.024923573274020946,0.012695997908189972,0.011609263733084105,0.01242990910108634,0.008921801406999644,0.0029975707192955578,0.003887265909776864,-0.0019077571887871185,0.0020634598086445304,0.000744690502391668,9.348696444409034e-05,-0.0036432407337786948
72,((SE * PER) * PER),0.25037679142404096,0.06514628167537125,0.0522247821561756,-0.019131683899830842,0.020348852804225236,-0.009030675564792588,-0.029493730795380004,-0.0033546660899392805,-0.0018716959309041342,0.002905043242846717,-0.00796598720899672,-0.004883013075148251,-0.006653770257167027,0.0004481523416865677,-0.0011202383241358906
73,((SE * PER) * RQ),0.18190568594680664,0.016770580925230906,0.010092632078807678,0.025660582697390008,0.013268491596238153,0.0070860403644367655,0.018033983230582355,-0.007639955256611019,-0.0064974264816564644,-0.0015247543490333267,-0.001221438174494716,0.005231954201871667,0.003813674719573276,-0.0020200129326126037,-0.0017036131926884723
74,((SE * PER) * SE),0.18406647790802547,0.016268673239725175,0.011310907586443243,0.025570394437248338,0.014195995746489587,0.004644019434347106,0.019129951798136657,-0.008827103274953169,-0.004839537119246597,-0.00015774404973384172,-0.002178273770705366,0.010773756004509314,0.0041160302057732315,-0.0006265716613612572,0.00016089923078186074
75,((SE * PER) + PER),0.13656730374091489,0.013811883683137622,-0.024980265084634194,-0.0030522112966716313,-0.023660789837538547,0.019082644489639554,-0.006986807657906449,0.021302929678917525,0.0012684551658730628,-0.01170491552500872,0.0021149364913000956,-0.008074425949699262,0.008546545416170502,-0.00011170911552739924,-0.004248087935406749
76,((SE * PER) + RQ),0.012987427012329921,-0.05910349476581162,0.041850725930969876,0.01307573799436096,-0.04931430507389918,-0.0010959440056420224,-0.0007540296152603134,0.001049477668136616,-0.0067374795497756245,-0.009808165930070976,-0.003150204296369182,-0.002501975997022419,-0.005775309699466583,-0.005169844922458254,0.002095405431106163
77,((SE * PER) + SE),0.015123017201070661,-0.0518547623211942,0.036901176537180266,0.0207529188290149,-0.05037820204260796,-0.011068700709645603,0.003580493182589083,0.010805723520828245,0.0013464789669310345,-0.0002553694500943916,-0.008863389426419207,-0.0029948182900628507,0.003593157347884063,-0.004692749871328772,-0.0017307970487295602
78,((SE * RQ) * PER),0.1818345855110916,0.01675918867980459,0.010507366984851815,0.025445487705720346,0.01242101643957984,0.0071487109669151425,0.018590384072498387,-0.0075788307099907,-0.004536759527032764,-0.000703078772310794,-0.0022204465872032275,0.00668432250294376,0.0026903685700244216,-0.004348587554202788,-0.00023151365096437862
79,((SE * RQ) * RQ),-0.15499264163166462,0.051314217732061664,-0.03382821373494431,0.030745730851176465,-0.01133706589765623,-0.012501682112674214,-0.012688469220167479,-0.008511675256683553,-0.004740651862693111,-0.0025742381386785105,0.0016096491321621674,-0.002505818883565891,0.0012709738168095478,0.00035461323980366666,-0.0034819463992562106
80,((SE * RQ) * SE),-0.15452024054188204,0.05708097467179489,-0.0369353163625527,0.03343576854258201,-0.012156705294889086,-0.014276095996952972,-0.01176836637522193,-0.00798724930971625,-0.0022376337519519787,-0.0027139601107764835,0.00011149069726949102,-0.0006215297258520961,0.0019223085031046818,0.0021485588867944548,-0.0032640015831201545
81,((SE * RQ) + PER),0.011267802354463181,-0.0448169117301367,-0.041769577100039826,-0.0018166261213886981,0.0487147014535861,-0.008378971042237573,-0.0029595826098778285,0.009254565456306443,0.009334195590790167,-0.021132373604797833,-0.010863581388259722,0.004207024967857469,-0.005883557273348393,0.0010848223326290147,0.0031171224841194203
82,((SE * RQ) + RQ),-0.20572259223580572,0.022680505964499723,0.014380127973141693,-0.008983951261166905,-0.0028691006488573826,0.005007199279014626,0.0013640338047381352,-0.003963022949954429,-0.004777031719285869,-0.004344574588366775,0.005364431529795851,0.0010281962570307032,-0.0025820795682990412,-0.0021487133786062614,0.009827681776672908
83,((SE * RQ) + SE),-0.20583994316715784,0.03248756444624745,0.011178897354889012,-0.002385064687012835,-0.003948283733309376,-0.0015271538545737237,0.0067981223213603986,0.004764213709146492,0.006561521218684951,0.0047794887211050656,-0.0037844577897518756,0.0006505840210272095,0.0013440733936338298,-0.0005630575244114198,0.006859204977304186
84,((SE * SE) * PER),0.18400937180842206,0.016426408361766266,0.011358377929695667,0.025592795250994664,0.01467211751893345,0.005010465969471891,0.019216033345668848,-0.008092159997092997,-0.007217377416968479,-0.001972387352315866,-0.0017868545192646936,0.007901618021198863,0.005041118195111888,-0.0017033451532392635,-0.002102562792156649
85,((SE * SE) * RQ),-0.15454389056228776,0.057027653215706665,-0.03680624015927384,0.03298361418437023,-0.01241770533693837,-0.014777671813633679,-0.011587127330403357,-0.009479131990843466,-0.0030470365921403536,-0.0019320953227677283,0.0014560454850584678,-0.0010135420359922759,-0.00011009038997865459,0.000316993572039796,-0.0022017252843915336
86,((SE * SE) * SE),-0.15440194973308083,0.06226630992626695,-0.039213241684276735,0.035693925334543485,-0.013068670736621135,-0.014939562292974532,-0.01091644679289816,-0.009550421269175938,-0.0025248550074761645,-0.002285272121529725,-0.0006622565754843038,0.0004938956825316547,-0.0014495677484981742,0.0008445374279326251,-0.0009566007536964829
87,((SE * SE) + PER),0.012728348940824778,-0.04292762285738845,-0.043664188325010816,0.0008413088495196945,0.0479609729238229,-0.011078460771772372,-0.0018472677885741032,0.009710655527648958,0.010600971828306185,-0.02033844219940522,-0.010205865417426425,0.006659486591816698,-0.005987482662470044,0.002262938913030837,0.0033828156899561035
88,((SE * SE) + RQ),-0.20573505720585938,0.027289069862453927,0.01230465381440617,-0.006711084067838308,-0.003968952432101596,0.003930540043894233,0.0030643584130767253,-0.00331018433065767,-0.0031814346209590176,-0.002542332180687264,0.0018172955972686343,0.002442114869913653,-0.006758729861511844,-0.0026360554632425637,0.00921043860902113
89,((SE * SE) + SE),-0.2059307401238041,0.03752336111257182,0.008735357768742078,-0.001109832641515172,-0.004784943331049199,-0.0030458680446677714,0.00770485653123687,0.006672421426378532,0.009033887479059427,0.005367416506183168,-0.0032178450689757374,0.0019423471356234223,0.0018581600772478387,-0.0023695510787555972,0.008985746124165764
90,((SE + PER) * PER),0.1907334226169782,0.035336371551657114,0.00215125871741816,-0.01954087144902788,-0.0013039705091768229,-0.0014532572643755886,-0.01632264137478023,0.01140308999429281,0.0016798120892651568,0.0007848081168231421,0.010444685631877096,0.008887065181235288,0.008257747492728406,0.0002889399786949654,0.008292791644640037
91,((SE + PER) * RQ),0.03570440995717042,-0.04687898520341098,0.005610290953830901,0.025621812082940596,0.018835247323174556,-0.019784749509900543,0.006879991829504261,0.012692765192800295,0.00043072098783348005,0.0052775141672255456,0.008778896090520854,-0.0017252328794339752,-0.005932284613947784,0.0009738863053411077,-0.001825630805512053
92,((SE + PER) * SE),0.03841031295153406,-0.041329414725131776,0.0039827926326273305,0.02961145683092524,0.018674692681595672,-0.023358953092866706,0.008575001858768439,0.016029105377574574,0.003018409986098686,0.006741848070857911,0.0095391265663718,0.00018404889657487527,-0.004686236329230511,-0.002734779849996407,-0.0007012556001268696
93,((SE + PER) + PER),0.03914386341763385,-0.03405073362875194,-0.041671452463993154,-0.014137434497642702,-0.009158837087313647,0.019231120918992418,-0.007059356653339049,-0.009677220153462207,0.010540702112851873,0.00657203119988831,-0.0016166709315530664,0.003908330054348162,-0.002463853284024535,-0.007315318259127705,-0.0007964078450892647
94,((SE + PER) + RQ),-0.05342022928724671,-0.07362599787567686,-0.0018314006192824892,-0.008040803377127018,0.017681615102387232,-0.004136127991103019,-0.008400748139221183,-0.007043514559779324,-0.004454960904596815,0.004219471499842385,-0.0009234200437668021,-0.0031739049183535277,0.0053871159985063215,0.0019188409247177553,0.002760898482375751
95,((SE + PER) + SE),-0.052318073651541515,-0.06898043243989489,-0.005612426851124281,-0.0035030323508310154,0.016774355585370996,-0.01057017507940684,-0.0053157607984509235,-0.0016557746776360977,0.0014444745402560238,0.009644738317774269,-0.00543309111801416,-0.004390925718388953,0.007659909152732881,0.0019243848616488813,0.0002046878642537994
96,((SE + RQ) * PER),0.16033601514164028,0.020661045293076524,-0.007462443146103379,0.02014638239800788,-0.0009031012315845858,0.025976626324489837,0.0034431857941804324,-0.0005274171935027416,0.005693361698235844,0.003248192389334724,0.0009991085335087308,-0.009317114980890516,-0.00341753717407912,0.005117998753452494,0.0029168421862636493
97,((SE + RQ) * RQ),-0.1875028174181735,0.03665235199757912,-0.008171030979439633,0.008277768884123512,-0.002068429721022657,-0.004604124040496682,-0.0031404970463267635,-0.0018522040278439664,-0.0009332434104580437,-0.001685143308849317,0.0010220700103126333,-0.0012547103771623485,0.0025606905495273447,-0.0009641724952799873,-0.002457935760771642
98,((SE + RQ) * SE),-0.18730086168938476,0.04691357736256857,-0.012002504618650796,0.013374322488879025,-0.0033884842411901614,-0.009282672192600318,-0.0007862708738528188,-0.00023795884303921743,0.004771695384101106,0.00469454098579259,-0.002048619571328971,0.0014938637533993997,-8.277499922382329e-05,-0.0006687623569934036,0.0033662835197452367
99,((SE + RQ) + PER),-0.053391958411874406,-0.07356798074528564,-0.0017718879379309328,-0.00815284612028935,0.01777166813748178,-0.004037494749894134,-0.008824387537535228,-0.00638937294354188,-0.004450447644745517,0.0035124244882163832,-0.001797385582785375,-0.002959325871026886,0.006043931129981289,0.0021736639402867354,0.0009055293484558728
100,((SE + RQ) + RQ),-0.22514750612465906,0.011821775520042991,0.03294581365200701,-0.02777179416682081,0.01271934853396552,0.01692253313763821,0.008925652790823916,0.0024900719270740035,-0.0034838225166603045,-0.0029061078878096346,0.002463642154753974,0.0003281320571102307,-0.002128927785544606,0.002895116141318149,-0.0031887086320625366
101,((SE + RQ) + SE),-0.22566730808603003,0.018734992896257418,0.030222157749322836,-0.024891084874414965,0.011945116241913214,0.011580623680746149,0.012289154008045144,0.01001330960790932,0.0020453172036117404,0.0029217593263005776,-0.0021264012054688073,0.0008159278333158676,0.000873062683446963,-0.0007324269802229933,-0.0028112346434341264
102,((SE + SE) * PER),0.16405074392986546,0.020174118357455573,-0.0059751833765893745,0.022950371602518237,0.0005974514194758101,0.02493464642189799,0.005715001779744773,-0.0018488264320654783,0.003937129254934228,0.0026396144438662196,-0.0034663821650432283,-0.0049732386824656305,-0.0018978982728755623,0.006536287652033659,0.0011925087222645343
103,((SE + SE) * RQ),-0.18739635703353644,0.04211756101448875,-0.010476136533787924,0.011573840425309855,-0.0030414591510479435,-0.007560945406976542,-0.0011657000774504796,-0.00030604291558412536,0.0037477809170632158,0.0025599128394798213,-1.8612746748312434e-05,0.0006864062192248656,0.001943406262828995,0.0011621411481273884,-0.00034191436231590527
104,((SE + SE) * SE),-0.1874253631580683,0.051435519061947724,-0.013905873286953885,0.015360759162828554,-0.003822715204558229,-0.009921356886720155,0.0006540783947722137,0.0011320263631282765,0.008209743973249332,0.004653174191195569,-0.0037722554783708737,0.0015969788734051457,-0.002499193702324401,0.0005554139862495934,0.003299446040015306
105,((SE + SE) + PER),-0.05229967293844796,-0.06880320322326519,-0.005562530761967193,-0.003534436830485861,0.016996201958694925,-0.010740174299636028,-0.005829031089912412,-0.0017996767641570972,0.0007111722156042568,0.010832690628918206,-0.006102821445448211,-0.0037692563967831987,0.007565814302579043,0.0009791864132849785,0.0006043217156887837
106,((SE + SE) + RQ),-0.2255567575008255,0.018853868162990558,0.03062252593715291,-0.024725994867954616,0.011997844029746973,0.011979999332721524,0.012727001068920031,0.00847855102019982,0.0026696394140784826,0.0035820424760140907,-0.0024218534033369874,0.002373780636328633,0.0006687111972530678,-0.0004634170575816505,-0.00359889000354299
107,((SE + SE) + SE),-0.22614751231613966,0.025858327373305096,0.028668240918218187,-0.021400910621605797,0.011225653178955255,0.00772176563342202,0.016698184379065065,0.015472234024728033,0.010956581076631867,0.00866656106591742,-0.00728382090048065,0.002589679000121957,0.0025648017687057985,0.0012207535173523005,-0.003411282101994563
108,(PER * (PER * PER)),0.24998145747249428,0.04891229345865035,0.0064648619642999235,-0.07311731214453987,0.0022040229036855074,-0.05157920537747144,0.0416206754035935,-0.030961233258330452,0.018630941180638974,-0.011042522664177492,0.0071259643394912696,-0.017853649116684463,0.0057213684837903265,-0.005017129364482109,-0.0006027572973123435
109,(PER * (PER * RQ)),0.2435116666231229,0.0631582375690462,0.046181527638584394,-0.02371981317246301,0.016723205476709174,-0.014547381502312665,-0.03144211403706209,0.0017816108737481588,-0.0011023173496097452,0.0026588863961120447,-0.0044561104264026685,0.0013151650946405368,-0.0017558076175707195,-0.002254686838357331,-0.0023088482271770307
110,(PER * (PER * SE)),0.25037729477957704,0.06520759186309526,0.052142776366904446,-0.0191366719248044,0.02014337424728936,-0.009125592195578411,-0.029164275890491316,-0.0031100415214401025,-0.0011849876205019703,0.0032826955895888473,-0.00876113015385067,-0.004275147975139374,-0.00760984072148401,-0.0007400230383542494,-0.0035810043437922968
111,(PER * (PER + PER)),0.2019030844633497,0.02893274855633599,-0.03761743606609102,-0.06620168961080085,-0.014734806959253843,-0.03213534756246212,0.037102764205662886,-0.009597228098973539,-0.0007921123100086249,-0.0032549320601977395,0.0035885201123359075,-0.010168253076973818,-0.0021682354768692556,0.0001299945031798726,0.004218272003435142
112,(PER * (PER + RQ)),0.18497074864849566,0.033704687535229795,-0.003632917536024619,-0.022850738459061975,-0.0037515041980936002,-0.004846437611152604,-0.01554259195636895,0.013954671518498472,0.0001536107680178109,0.0009773273458468317,0.013670230736855167,0.010573989038294335,0.007000256113173147,0.002435939092980601,0.008249645294751947
113,(PER * (PER + SE)),0.19074927216869417,0.03532993833202933,0.0021017676463188618,-0.019697084541468096,-0.0011746869629508036,-0.0016631150188205753,-0.01620953741001689,0.01160241355900996,0.002074960163192163,9.521688010428649e-05,0.009410720236085695,0.008891320444050036,0.008402891912532356,0.002574634326571357,0.0075265624770374075
114,(PER * (RQ * PER)),0.24360233724753966,0.06297756795192717,0.04631696446735711,-0.023531366580114312,0.01668288715521221,-0.014143709282997522,-0.03149364884609295,0.002197222740346947,-0.002014263890831181,0.0024777005986072877,-0.003628774413345435,0.0005189434197198815,-0.003230858891508153,-0.003763356718129559,-0.0024473422888175865
115,(PER * (RQ * RQ)),0.17864267630475258,0.017366372142239773,0.008681280063596081,0.02480588221970334,0.011018008659522183,0.0090283882055306,0.01653869097326547,-0.0074815178813683715,-0.004230301430860053,3.726243764893814e-05,-0.0002466712325069384,0.0008356382308271825,-0.0006091001152549643,-0.002811212182020642,0.0002543874015808016
116,(PER * (RQ * SE)),0.18187784794488004,0.016536088170551175,0.010386052879064023,0.025712073292699852,0.012323611134183884,0.007162086144619837,0.017955713593947945,-0.007448308461257144,-0.006481180684319618,-0.00057784170763991,-0.002432943362650507,0.005563630418376904,0.003472220979852708,-0.002101350050011576,0.0027755473975620225
117,(PER * (RQ + PER)),0.18498704608466937,0.03368951490673935,-0.0037523599113950556,-0.022594947250527183,-0.003714588697094448,-0.004842972506958493,-0.015779069521469163,0.014392768686737358,-0.00042034277355654205,0.00025845736999722423,0.013061312799657282,0.009748578733976292,0.007016107157267714,-0.0012666028755083923,0.007456750205836114
118,(PER * (RQ + RQ)),0.15589275562936236,0.020703735456275497,-0.009490853797357994,0.016486071295127754,-0.003313900175905466,0.025818216625612758,0.0009936643050392614,0.002396478188454659,0.006734424126443709,0.004370468919507381,0.003163790152720837,-0.010391721756101554,-0.005665467857698707,0.00455328181847536,0.0029875997042314016
119,(PER * (RQ + SE)),0.16039913094438973,0.020454748597729326,-0.007656172439036577,0.02005096120850338,-0.0005741663502928291,0.025656093603889384,0.003624771761576044,-7.03990571406166e-05,0.0062114388858514,0.003553837513948887,-0.00013910372219399058,-0.00977732067970502,-0.003720172133676968,0.004489021517402811,0.004256410501206778
120,(PER * (SE * PER)),0.25043810891230667,0.06486072299345402,0.05243204000238937,-0.01899554865196099,0.0201285952788101,-0.00874999410029342,-0.029902282358611594,-0.0036977848051099904,-0.0005189578772941864,0.003160000756250699,-0.008682238195256224,-0.004058581402784782,-0.005977119680279694,0.0028208723843835587,-0.0030790160128759876
121,(PER * (SE * RQ)),0.181937418789635,0.016534252869818317,0.010025128594788067,0.025816126233279883,0.012391753729249362,0.006441947768154077,0.01778406083973097,-0.008222055636814263,-0.005309760921423814,-0.0010358444348129551,-0.0027919790450679207,0.006754244159665043,0.0021659341007445533,-0.0017289001963329844,0.0007669771608550225
122,(PER * (SE * SE)),0.18405681911175012,0.016293462105400346,0.011132595609629465,0.025705292654679503,0.014488601531226941,0.004823809965776867,0.0191513480672885,-0.0074001558263069285,-0.00677354913254621,-0.0004427412063130144,-0.0033702586892236097,0.007873406219592706,0.00654553794505104,-0.003588361163099923,-0.001256415239058366
123,(PER * (SE + PER)),0.1906752792877108,0.035646969921057946,0.0018775808504336816,-0.0199715766649649,-0.0004378324470595661,-0.0010881210059569414,-0.016123849209780855,0.011443811862092299,0.0019064346736501312,0.00043487337644646304,0.012157601588462722,0.009368672446744318,0.007915834186309756,0.0022291310960382976,0.0054591560212529444
124,(PER * (SE + RQ)),0.16035385346794567,0.020604323610823313,-0.0074587780538854405,0.02014048588820498,-0.0010707733045325003,0.02564807328163134,0.0035555894730241685,-0.0006862729820394671,0.006196357616886961,0.003920694973848171,0.0005653581078407983,-0.008537250283300057,-0.0033491506540847533,0.00672544910241632,0.0033845140984424663
125,(PER * (SE + SE)),0.16405984880738844,0.020132965596479497,-0.0061334564320861835,0.02259556334556241,0.0004884223190070718,0.024884737232590024,0.005732501214827014,-0.003336824710483042,0.00246918875434986,0.0022754041665660257,-0.0006621538363638243,-0.005687563569240899,-0.004177993096243409,0.007379555338412679,0.005090898299089178
126,(PER * PER),0.20191569539709225,0.02898771262760056,-0.03742589823049361,-0.06608595163073384,-0.014855061565762552,-0.032444750563492254,0.03701777327311102,-0.009409649743760101,-0.00019684342122945788,-0.001971522058465491,0.0033148478627808248,-0.010087967481011876,-0.0011915381683960142,0.0019134342822748165,0.003810977570194956
127,(PER * RQ),0.15592473603724769,0.02074345232839888,-0.009742012298949537,0.01651518438275906,-0.0031199474268310567,0.025522913413638288,0.0009812145041683286,0.002114258888957128,0.006718904812666495,0.00374073921622547,0.003322986882891377,-0.011395009489181106,-0.0046552465305599,0.005620977892165868,0.000620790385969084
128,(PER * SE),0.1640667497344789,0.02021985829651498,-0.006290606779184458,0.022979558311179232,0.0009719231521313318,0.02483289920601942,0.005405338637235894,-0.002963395335391534,0.0033039509391043034,0.0015349964068330116,-0.0012802377224630152,-0.0071635136058668105,-0.0012114781533951965,0.004641713572682674,0.00029901988915425416
129,(PER + (PER * PER)),0.15184256507647906,0.011641183850151306,-0.05256832673585668,-0.055399852227917976,-0.03890204302960457,-0.02006351227670515,0.025066417145585863,0.004871788737049689,-0.008795449128970803,-0.0006895313549207675,-0.005805031249946296,2.510604426835697e-05,-0.002152819468520914,0.007578650375389036,-0.0058703906751163765
130,(PER + (PER * RQ)),0.1305245477229197,0.013197232552628346,-0.030180432175838663,-0.007544588741031721,-0.02389309165456813,0.015280676304958165,-0.009666396831896113,0.02381249803585481,-0.00036963288027148266,-0.010594060390639573,0.004225270044910004,-0.005603550795594655,0.010180042422503564,-0.0008690635310125614,-0.0059664673268799906
131,(PER + (PER * SE)),0.13658432165689657,0.013724159210735831,-0.024777054152235634,-0.0030635514848653725,-0.023603492572657286,0.019028302336420843,-0.007047242331620205,0.021689669688538183,0.0020161416332911855,-0.011111476270355898,0.0011827838744502992,-0.007198605875220627,0.008956267204851327,-0.0006237999845631657,-0.004517167307215472
132,(PER + (PER + PER)),0.09161953875764792,0.005731821381687452,-0.08400364575016973,-0.04777419510466912,-0.03159510202840579,-0.0033028984461383947,0.010238526650570864,0.015537997692415656,-0.024993193013888446,0.01252881504184589,-0.009164240518639961,0.007210241383138085,-0.008969493753006234,0.004215078527810132,0.00013473641908441826
133,(PER + (PER + RQ)),0.03452372978663026,-0.03485188353712313,-0.03866896026273058,-0.02067298724732061,-0.01008979205407411,0.022684872904412987,-0.009941990392606046,-0.007932001938284822,0.0071257492610776576,0.0039810293068292405,0.005929813727246668,0.0028244627684299276,-0.0059567050641568765,-0.009205250026703561,-0.002512308458322937
134,(PER + (PER + SE)),0.03917152755858552,-0.03400890277487384,-0.0417277904637833,-0.014338921324496743,-0.008735278870847846,0.019291666703583735,-0.007514504808006854,-0.010022302885131458,0.009695098076333127,0.006779145619942909,-0.0006839753598123455,0.0037573565238871653,-0.002782431630619822,-0.007474069728397777,-0.00262017578390384
135,(PER + (RQ * PER)),0.130536458572787,0.012967359371685971,-0.029985807039108286,-0.007430115797855108,-0.023733482618138953,0.015212699223488049,-0.009427658567622316,0.024782515910409645,0.0010537282883670731,-0.009278965102042179,0.00341907931167891,-0.005251838681126725,0.010798857715445961,-0.0018281999702711841,-0.004001533990394616
136,(PER + (RQ * RQ)),0.009330405812555486,-0.047681623444739495,-0.039329022180987196,-0.004949639966681668,0.04910907608391134,-0.005262516521050218,-0.004474069366640386,0.007677504867603343,0.008421810851003212,-0.022398214876865594,-0.007061384870304127,0.005710900829225961,-0.005153299765817539,0.0008551245407030032,-0.002595033250149003
137,(PER + (RQ * SE)),0.011243817420101618,-0.04470963234274391,-0.04174895993857295,-0.0016077772971131443,0.048736875558433056,-0.008896397644989269,-0.0027794241190252085,0.009775789155724697,0.010008509367814722,-0.020090282787102374,-0.010347409998195925,0.0051136659090076425,-0.006514793847035398,0.0007549662036363369,0.0006703229045124934
138,(PER + (RQ + PER)),0.034541328021107175,-0.034849477518899254,-0.03894085337755327,-0.020348848261799054,-0.010033940178581488,0.022971926475418715,-0.009829160719310639,-0.00806625294456373,0.006716907322272894,0.0037984526391340537,0.00689970832483267,0.0027212124313403083,-0.005336345743650312,-0.009354161212881955,-0.0011746121140358001
139,(PER + (RQ + RQ)),-0.054708112869098324,-0.07779456509992172,0.0022547620583785425,-0.013424702807708555,0.018288951230072455,0.003168936232152579,-0.012269192792424782,-0.012412608312932219,-0.009693219067900632,-0.0017310036778640685,0.002029162218212501,-0.0029036087066590215,0.0029642056482252067,0.0025088488265528953,-0.0005936842419613823
140,(PER + (RQ + SE)),-0.053417281346295406,-0.07353011130337905,-0.00174610948870891,-0.008145647457932864,0.017726977988350847,-0.003941849169406652,-0.008892317292823153,-0.006940864099487232,-0.004279969552631834,0.00465769304996655,-0.0014361702995053624,-0.00377560787594721,0.005134319928121673,0.002806895957854257,0.0014193486675633706
141,(PER + (SE * PER)),0.1365339102176163,0.013728514694472154,-0.02503281870842209,-0.0034535742967631376,-0.023755877842064923,0.019039944301778373,-0.006850233332560487,0.021690752682984107,0.000897820426049151,-0.011964847520941777,0.0012271078934169854,-0.008018115539745097,0.009605452715109077,-0.0012690712621923265,-0.005076028538700161
142,(PER + (SE * RQ)),0.01130842527353609,-0.04495244166757289,-0.041797379526819965,-0.0016835520035564093,0.04841958292992028,-0.00855115299009655,-0.0032409556894635156,0.009580240190119505,0.01039078957405351,-0.020537231051568797,-0.01020071331573796,0.006508698713843566,-0.005068769027832993,0.00256502245084161,0.0012861588387937013
143,(PER + (SE * SE)),0.012761738947655105,-0.042872551052835654,-0.04363018031601503,0.00011647020161214328,0.0480912364120025,-0.010701276496536334,-0.0020915756463857384,0.010731941383807921,0.01030937536314181,-0.019423702368058304,-0.011534443159092028,0.005981576840001979,-0.007213960076042867,0.002802266628945978,0.005030149540679783
144,(PER + (SE + PER)),0.039135772392245256,-0.03399876794407395,-0.04180181295347696,-0.014144557703811296,-0.008827973475400234,0.019313246115099634,-0.007323914818025234,-0.009649208555710354,0.009795226810854906,0.007126338424177725,-0.0007477462359063744,0.003370987579606416,-0.002555042680662896,-0.009342086227341999,-0.0008410425083419026
145,(PER + (SE + RQ)),-0.05342894540354164,-0.0736125689069709,-0.0019156229070117412,-0.008149861996162543,0.017696197434768562,-0.0036915110251849134,-0.008783982152484318,-0.006467249628433984,-0.004180705704835711,0.0033240289092320136,-0.0012997179671212057,-0.003845159880654367,0.005330235651539761,0.0033162922373675204,0.0014506347296638696
146,(PER + (SE + SE)),-0.05226585245689605,-0.06882045756402524,-0.005609972835843406,-0.003367096649742976,0.017103946496483387,-0.010662583066456838,-0.005576482679117824,-0.0016355063616344326,0.0007673184896836283,0.009767073062446006,-0.005797856706818106,-0.003109253656384449,0.00875566151179701,0.0005101906199323566,0.0004906820385968457
147,(PER + PER),0.09162476855402017,0.005879863484822342,-0.0839525036681386,-0.04815696661198103,-0.03120050845248233,-0.0032926885040614677,0.010294971858091816,0.015296950188292439,-0.02425305490557765,0.013288338098943692,-0.009614729267196183,0.008398890373614581,-0.007883682310526365,0.003330387195002527,0.0011709389493409863
148,(PER + RQ),-0.00525125737713436,-0.05887502916253713,-0.020476937306292728,-0.01358424658244295,0.00367788179996371,0.018676672357312584,-0.013450029167584676,-0.017209544130477178,0.00233198817709321,0.00022587235879320818,0.002791575339811611,-0.001109444233615265,-0.0006067917183921181,-0.00282784403820257,-0.00019514449643478555
149,(PER + SE),-0.0007860078563414356,-0.05702877824497521,-0.024640233799376732,-0.0052102127829337964,0.0050395879532610325,0.008343553162936317,-0.007915765073688612,-0.013356265288481833,0.004590109916294043,0.00701509966088108,-0.006768861381396627,0.0010235591988359842,0.004230130350814636,-0.0032124231370266655,0.0036268236665780752
150,(RQ * (PER * PER)),0.24350601040473333,0.0632537610611404,0.04622411793026181,-0.023609135725835166,0.017164451196380288,-0.013552490987428478,-0.031455783137264534,0.0029684013444216785,-0.0028310459289850364,0.003064177714918598,-0.002612704690314733,0.0005046693700972954,-0.002470993531717892,-0.0041140056762330795,-0.0015951028013607821
151,(RQ * (PER * RQ)),0.1785982441396753,0.017480202048049263,0.008699315533720383,0.024737190129782413,0.01084838238289618,0.009135989195179306,0.01649488528481106,-0.006781937976950446,-0.0030746505885473653,0.00038548747745193785,-0.0014080767895590619,0.002687566363639481,0.0003188646869673572,0.0001469773487089501,0.0011738536701504864
152,(RQ * (PER * SE)),0.18190065879798065,0.01680276385980609,0.010032920470445461,0.02567977133876166,0.01277113640094548,0.007077492853442463,0.01776778958321355,-0.008389406481110553,-0.005187830613458458,-0.0013825018997675846,-0.001222140474221809,0.008583352190034603,0.002489250998776839,0.0002852624013249841,-0.00634497301910628
153,(RQ * (PER + PER)),0.1559524246816475,0.020637351699162695,-0.009661332823013622,0.016844463510442387,-0.0031800525649234137,0.025693485355784317,0.0005856473582421591,0.002446031871651993,0.006940698995366167,0.0027894809970706287,0.002871073317898321,-0.009872905020813776,-0.006270469872278049,0.005889207258159278,0.0024810204510499873
154,(RQ * (PER + RQ)),0.034018358255983455,-0.050767598214989426,0.008202092595928138,0.021557151259679136,0.019115231151849103,-0.015091827669344492,0.005432609415591001,0.00985211973405771,-0.00262839820232136,0.0025794648915904287,0.011049315883310325,-0.001917676793779178,-0.005272591010323016,-0.00017745199320400422,-0.0018493595984243414
155,(RQ * (PER + SE)),0.03573951368761303,-0.046875869897551214,0.005405464543437678,0.025599188552142584,0.01855063699032416,-0.020167015923482464,0.007009516344000489,0.012072603992364478,-4.979417590832015e-05,0.005369866510670184,0.009692254343577511,-0.0017316143950960013,-0.0059483883411289165,0.0005014594739141418,-0.00040787471374050807
156,(RQ * (RQ * PER)),0.17859742661902184,0.01744239791215132,0.008843373816633903,0.024703487431434072,0.01107814494560452,0.00887303177380925,0.01696411551658746,-0.006659978717703494,-0.0026375787106245343,0.0005129849037278012,-0.0019969766069578934,0.0021423700088903106,-0.00031886672066208465,0.0002704023009048784,0.003297347272352553
157,(RQ * (RQ * RQ)),-0.155645660806392,0.044751885350780174,-0.030597110381242694,0.02656703405286451,-0.010028254292887872,-0.010186067073592452,-0.013965088265326086,-0.009726302547043372,-0.00696436946873287,-0.0030574665830902688,0.002511261336980014,-0.0012464787858334065,0.0003143119941232355,0.001468094591353705,-0.0033554828709902555
158,(RQ * (RQ * SE)),-0.1549744735225666,0.0514100706761174,-0.03408206460361714,0.03047049688975049,-0.011260699344069423,-0.01315053692476305,-0.012435452164195853,-0.008552157603101771,-0.005628966150633251,-0.0006614441282582534,0.0011690101019654082,-0.0019709327063368175,0.0002753415129916331,0.0001254135178615514,-0.00307520076213492
159,(RQ * (RQ + PER)),0.03402771749116822,-0.05083566838945967,0.008251232221376869,0.021454218346727807,0.018801499065507578,-0.015253865014616928,0.005421915386113361,0.009508845228312579,-0.0037026127661094633,0.002885576604453004,0.01141993732230024,-0.0019684982479620874,-0.0064513936973360445,0.0006301134190056384,-0.0018370594170670073
160,(RQ * (RQ + RQ)),-0.18773881757929592,0.03103349401082594,-0.005356899318321386,0.0049076182462879795,-0.0014307201009126855,-0.0020542487205202505,-0.005359262945652911,-0.004430573302786958,-0.0045118180386058,-0.004808108885719011,0.0026350908303409896,-0.0024949809164287115,-0.0009111756625909012,-0.0025298465599359918,-0.0008485713328493466
161,(RQ * (RQ + SE)),-0.18745705771411686,0.03681076017710256,-0.007957380958961176,0.008449395736916753,-0.0022174411974336056,-0.004309445204465237,-0.0027670223917901173,-0.0028565028963853712,-0.0009391967837696926,-0.000324171131736352,0.0019393375647835506,-0.0027951312037148767,0.0030927368623240095,-0.0018349520629016031,-0.003964959757833262
162,(RQ * (SE * PER)),0.18186611817912215,0.016812444354221325,0.01025227588127481,0.025374814617103045,0.012725548183222973,0.007295782076722121,0.018244083911459912,-0.008046212087100749,-0.0065841297513219215,0.0001470035786048097,-0.0004111124436295558,0.005946922542752388,0.00410343915061944,-0.0020984957293920517,-0.003640572331026849
163,(RQ * (SE * RQ)),-0.15495208899330007,0.05116380162208797,-0.03392149574035546,0.03083035822765975,-0.011724627642176454,-0.013089633701650038,-0.012510436492134463,-0.008202279590730468,-0.003961372944042158,-0.0040814218099407195,0.002003348528976569,-0.0005997775824709513,0.0027387454957020223,0.001669096777872566,-0.0027190470294078954
164,(RQ * (SE * SE)),-0.1545369298839472,0.05685567609664974,-0.03647799369961183,0.033442831953427905,-0.012781837415820087,-0.014629502298693964,-0.011915981760467018,-0.009068743816632929,-0.0008415394892818812,-0.0034033375290177157,0.0001337488052610934,0.0008438122505473399,0.000559728351136915,0.0033580265382168826,-0.002961334889660398
165,(RQ * (SE + PER)),0.03572302826661013,-0.04689594881816275,0.005326702215323509,0.02574228020158671,0.01856944427926476,-0.01994647100854275,0.007025002755902211,0.01294887561151929,0.0010391022462223056,0.0057391037077175275,0.00872781139349497,-0.0027792028427255895,-0.004458335745200881,0.0006482418045712326,-0.0003939874815668162
166,(RQ * (SE + RQ)),-0.1874503295103684,0.03667808790331652,-0.007620576946512089,0.008246246131165218,-0.002370999729267139,-0.004733192184002831,-0.004145852484312669,-0.0021432109570285215,-0.00022541401756486128,-0.001690353934097709,0.00038878819233083734,-0.001795387385929938,0.001905931289943867,-0.002122210554754592,-0.000516366540219
167,(RQ * (SE + SE)),-0.187359121311297,0.04215494145820105,-0.010282326352264726,0.011671278956125441,-0.0030452927101362708,-0.007554398315300645,-0.0018265089126385996,-0.0003484195245890398,0.0035898923012726287,0.001548659759976247,-0.0006635135356377789,0.00028583155798155024,0.0014783282018487492,0.0008606280034414751,-0.000755219626141387
168,(RQ * PER),0.15598923239634907,0.02049238579815843,-0.009557322401508857,0.016629951480241115,-0.00344303936227646,0.02557128881524589,0.0006540967288104086,0.002202188748530995,0.007641674048332469,0.0027899309547584766,0.0035314092235691026,-0.010927438059348189,-0.004514421319928689,0.006421030770708851,0.0008994602822249211
169,(RQ * RQ),-0.18772864405177545,0.03117388601580354,-0.00553953279060418,0.005011911080650377,-0.0011249021678795565,-0.0014547020545091697,-0.005108744696713165,-0.004904200836903239,-0.00337720581433186,-0.004121362314552043,0.0037494448804767334,-0.001639435778918917,0.00010118237044336637,0.0006959289670430632,-0.002684077110743743
170,(RQ * SE),-0.18732294063466554,0.04226468314411666,-0.01011049947657225,0.011429613883616595,-0.002942098784606417,-0.0077093023381563115,-0.001838668983817581,-0.00012274423602869563,0.0041565055627734385,0.001161421929803705,7.770729033874169e-05,-0.001300632101273312,0.0027311717210385016,-0.0010665699210545253,-2.2433768391662662e-05
171,(RQ + (PER * PER)),0.05322311344645786,-0.05027218857839312,0.04193153169453602,-0.022139439162003234,-0.0622641254549481,-0.005763983685618884,-0.006117744314913805,-0.020516673180756118,0.015763679166190245,-0.005371333615562107,0.009759075880694506,0.018588725103237672,-0.0045557711524294945,0.01337808794305252,-0.005467861540797104
172,(RQ + (PER * RQ)),0.010966116026866951,-0.060007908024501885,0.03958081051692614,0.01200898544214352,-0.04969637087458723,0.0007493157614382301,-0.0028513237489576405,-0.0023122246388471187,-0.007885819812530982,-0.009588539019111527,0.0003719379901740757,-0.002100589015586407,-0.0037630445064394664,-0.0011322580130050575,0.008359824673670382
173,(RQ + (PER * SE)),0.013061750880983977,-0.05908828480809751,0.04189048142845081,0.01321802479257468,-0.04939869542297367,-0.000982044845597215,-0.00020963344437257455,0.0013207919791422208,-0.007582943403872246,-0.009304782746877781,0.0009739769772124815,-0.002426448604266757,-0.003739509203717342,-0.005775969134762487,0.0023534614249967334
174,(RQ + (PER + PER)),0.0345460527466712,-0.03480792582428412,-0.03898295092076727,-0.02057468700682854,-0.009893782535824628,0.022979025451092955,-0.010042657588508083,-0.0078059233319544745,0.0067554238899286655,0.0036618830626267062,0.006881885371212039,0.0025246434295308684,-0.005627592253226476,-0.00988696709260405,-0.004084239686080364
175,(RQ + (PER + RQ)),-0.05472797126064534,-0.07780954689814314,0.002036225748872052,-0.01326103666701597,0.018367601603711446,0.0034175625482651016,-0.012020416201387968,-0.012321356272761095,-0.00930420706278497,-0.0018686780613095479,0.0024552563289560216,-0.0038771170782492675,0.0024503873176750517,0.0028363316902357445,0.0013012389417687972
176,(RQ + (PER + SE)),-0.05341430418491591,-0.07355132174783234,-0.0016622679948499598,-0.008203720970185822,0.017733375869786898,-0.00392841878243293,-0.008816772826205271,-0.006814583835743586,-0.004695763011805216,0.0043634865288874865,-0.0020620335062064375,-0.0034953791671474316,0.0048984246082355905,0.0026713412827263595,-5.5377499773905225e-05
177,(RQ + (RQ * PER)),0.010945988870187714,-0.05997895728345467,0.03996994399659009,0.01180281039420017,-0.049564446037393524,0.001516992145889776,-0.0026675832529635887,-0.0009847782877467621,-0.006763679457542252,-0.008818083487389737,-0.0007629930083389766,-0.004866129080644438,-0.007404695840024598,0.0013055432347432814,0.0012322341730452474
178,(RQ + (RQ * RQ)),-0.20578581081775435,0.016812170640871926,0.01705898799656071,-0.011962771135030418,-0.0017117255087969157,0.008600483599245213,-0.0002451123711288933,-0.006259313101404629,-0.009265834652791714,-0.007339455103240521,0.0056545262035782775,0.0009568781139527921,-0.002938519136336782,-0.0011584793596025882,0.0043704322688806665
179,(RQ + (RQ * SE)),-0.2057352818830142,0.022629221886425195,0.014357279776693417,-0.008805038806817241,-0.0030010446851309355,0.005416509477125372,0.0010850135868793389,-0.0032013666492580594,-0.004653180103766971,-0.00393377493093009,0.0042933705772027556,-0.00023942917314383994,-0.0030638900891097353,-0.0015208887874513285,0.009271977843703878
180,(RQ + (RQ + PER)),-0.054706430794382886,-0.0778264796631611,0.002107380394739054,-0.013258477179614656,0.018158062740296195,0.00354878992463554,-0.012043961346849779,-0.011868481874365925,-0.009177663387041998,-0.0012268980143003336,0.002776097432175533,-0.0036745994105418156,0.0030740834459892555,0.0034373804863631775,0.00041203629306033903
181,(RQ + (RQ + RQ)),-0.2247628397125784,0.0051308062074728175,0.03566266582398952,-0.03243503458637024,0.014285356317027742,0.020888740387480446,0.004518847510841059,-0.0023919426752122427,-0.012024498952314128,-0.01026880279943071,0.007606572430110969,0.001649539191943232,-0.0025005429975987242,0.001941682019683841,-0.005727025586981701
182,(RQ + (RQ + SE)),-0.22520976886749233,0.01188350197574151,0.03261423908934507,-0.02791906062755452,0.013049142023505947,0.01703877939850359,0.009054099662328306,0.002009416113945066,-0.004471325124422987,-0.0026427274765393285,0.002200718709598728,0.0012061652976760105,-0.0014936688662529353,0.0038684031112923606,-0.0009715907357090688
183,(RQ + (SE * PER)),0.012970973267146023,-0.05925765287802506,0.04189389013911895,0.01268043492998784,-0.04958197610196645,-0.0012924569219859054,-0.0013369113715881902,0.0022253354916594364,-0.006997055283042377,-0.008650878902062066,-0.00045991543454494574,-0.002961876877353523,-0.0042395609267214815,-0.005049271923993954,0.00034413787798718805
184,(RQ + (SE * RQ)),-0.20567149685232528,0.022653517237930985,0.014657330272191559,-0.008551208507338794,-0.002995355688277033,0.005369018088825549,0.001764294865302274,-0.004581490425958676,-0.004492403129121804,-0.003758917091921397,0.003186587549530938,0.0003493017722835687,-0.004701541804801839,-0.003169731562662753,0.009632425613485854
185,(RQ + (SE * SE)),-0.20569766751763907,0.027453000336813266,0.012367457265523215,-0.006666558927594845,-0.0038677152514462387,0.004097301937057523,0.0021814300056911457,-0.002930141894874262,-0.0030084328829981894,-0.0022158050695282572,0.002532540094550983,0.003693567589791163,-0.0048592261045049085,-0.0016265584272373277,0.009910386244556958
186,(RQ + (SE + PER)),-0.05342223633166786,-0.07356554091408397,-0.0017335770854016886,-0.007998649739846014,0.01764205298578009,-0.0038781300466626,-0.008362632638631412,-0.0073114026702352855,-0.004901236768275972,0.0046847893370639115,-0.0012914173689326676,-0.0030634774122128144,0.006296902845723723,0.002359923309440857,0.00038106696632002546
187,(RQ + (SE + RQ)),-0.2251859507083259,0.011869363317068013,0.03246202140897807,-0.028365437653981387,0.012891010121680436,0.01716922128237929,0.00923312907079961,0.0028179825781040123,-0.004051534481064426,-0.0029648994914638197,0.0028095682464835234,-0.0001563197800851974,-0.001471926297339502,0.002526882185491373,-0.003267504950877859
188,(RQ + (SE + SE)),-0.22558089044198443,0.018835524536841147,0.0306535042289737,-0.024711661582701022,0.011859767220102286,0.011552213945965673,0.013422233818911819,0.008233123138075631,0.002806430396658532,0.0034520690792139252,-0.0008855593744841885,0.0018391077678090876,0.0016799764703692682,-0.0015781956778966,-0.0015289120813678234
189,(RQ + PER),-0.005250141216718023,-0.05885684571355833,-0.02033702215578355,-0.013531139303389884,0.0037429517605319586,0.018585111981196462,-0.013523543488443637,-0.01771145296250598,0.0019241808654405085,0.00031754694727233646,0.002526237340510303,-0.0012260307857420959,-0.0012387047215745017,-0.0026925156722060833,-0.0010267275425709815
190,(RQ + RQ),-0.2248377948969697,0.0049732652792181305,0.03560351092552489,-0.0318415380418457,0.014081454522930423,0.021536427890630476,0.004711557872760959,-0.002493085371936725,-0.012324421324726779,-0.008584450250027548,0.007563987038682116,0.0017286420608182776,-0.003594623561446642,0.0018507815294733587,-0.005001738602314749
191,(RQ + SE),-0.22535864169486383,0.01540389390514647,0.03181291757496906,-0.02602958863354149,0.012374347930203023,0.014432357551875039,0.010880543675584898,0.00504946060268528,-0.00017820925875970564,0.0011107407841465123,-0.00075427952413982,-0.00018429046457718096,-6.222280981406138e-05,0.0030446071248270666,-0.004552071109065894
192,(SE * (PER * PER)),0.2503735478331398,0.06511963794805163,0.05247524410996833,-0.01904061758079432,0.019976341258141822,-0.008910403981051092,-0.029391701740418552,-0.003680793086230048,-0.0023127199255826435,0.0034912532189473977,-0.008315771993636596,-0.004806996821578713,-0.00682053998070573,-0.001759381424439978,0.0003889595155107835
193,(SE * (PER * RQ)),0.18191407429967013,0.016550870372654587,0.010142149121943589,0.025789913646238127,0.012898996823575514,0.006814272120188566,0.017996855482005185,-0.007534829071046351,-0.005851278703405477,-0.0011196620432455608,-0.002657042011276508,0.0053660392055357685,0.003932205691748434,-0.003022262499145093,0.001496665264229918
194,(SE * (PER * SE)),0.18411701044518944,0.016057703004349905,0.011223306544137952,0.026140111705587585,0.01416938494824556,0.004727712947613348,0.01855254282413897,-0.008009794700524242,-0.008017343291765039,-0.0024843250039620264,-0.002854564324418989,0.007732655228843386,0.004212235789262509,-0.001937458221193339,0.000343249520262454
195,(SE * (PER + PER)),0.16408460929995372,0.02016722606177063,-0.006496672635757452,0.022983585560144452,0.0011871525444127598,0.024588610041890176,0.00515079495519214,-0.0036463533245692827,0.002950358802061934,0.0017849011562054507,-0.0012321656682027576,-0.006305537139343285,-0.0027321223094539573,0.005601457274331631,0.003718709957515747
196,(SE * (PER + RQ)),0.03695339295726424,-0.043949556646062884,0.006324085285311369,0.02684468830154126,0.018652726684695677,-0.020931001993010626,0.008042446603955635,0.015162439096106062,0.0022447456451792406,0.006784176014536655,0.010576921693930198,-0.0001049788023957779,-0.0030767101796702655,-0.0028555520055058656,-0.002983250055259812
197,(SE * (PER + SE)),0.03841728243199893,-0.04136787792913115,0.004297117925480921,0.02944849081321471,0.018407404816630096,-0.023545992397220446,0.008825353075026628,0.015428728684936437,0.0030264116010670426,0.008159473050218378,0.009486028015842085,0.0007307548518403486,-0.004011941250500039,-0.002933212964633807,-0.0038008230078171784
198,(SE * (RQ * PER)),0.18184375354017465,0.016731941055917878,0.010367056812037237,0.025576157401801348,0.012891180446200362,0.006645361175892551,0.018505136921288492,-0.007517415690721084,-0.004009757754794957,-0.0012512332463001938,-0.0036819911164467523,0.007282706580984656,0.003465027254336695,-0.0006465694293910346,-0.0008863493027556005
199,(SE * (RQ * RQ)),-0.15498279786699043,0.05125771622252183,-0.03384665390098944,0.030377912676647568,-0.011650397929109475,-0.013087761020642333,-0.012742885950451827,-0.008425000955488551,-0.0038095780163045416,-0.003126885099120997,0.0015080735918939106,-0.001254115293123794,0.001539218592817371,0.0008225204628105779,-0.004238195647202662
200,(SE * (RQ * SE)),-0.1545595916186151,0.05717641657292165,-0.03662767350487959,0.033295844667588594,-0.011813960993376206,-0.014785660027363883,-0.012072952546462644,-0.00909184475203175,-0.0025429751931982858,-0.00043187336600771436,0.0009926981430101321,0.0003466742925057262,-0.0002599659223744021,0.0008962291801537999,-0.0020419751899358554
201,(SE * (RQ + PER)),0.03692764333565807,-0.044032700526918885,0.006565369436844725,0.026834839302464854,0.01865040345415381,-0.02097494382182643,0.008074834865374313,0.01506867663501442,0.0023718168270804624,0.0062797272641759655,0.009774968654768873,0.00014942511188452827,-0.004175628647819461,-0.0027423026962091835,-0.003654696148510296
202,(SE * (RQ + RQ)),-0.18732892148362526,0.042308960264369616,-0.010249325737108175,0.011593874796606975,-0.00291248485631702,-0.007508988012003355,-0.0015745275879003018,-0.0003734068037024864,0.0031928170579216854,0.001827195483634367,-0.0013560503115820212,-0.001112166990924451,0.0009163890728531974,-0.0010766028223475953,-0.001554092564998393
203,(SE * (RQ + SE)),-0.18734215747912814,0.046726503991543204,-0.012055289845901228,0.013826671788342959,-0.0036056488341751794,-0.00863559719583631,-0.0004162121934173646,-0.0006011338405739711,0.006477657111381933,0.004195519318540404,-0.0010320924320970514,0.001707236417423744,0.0010998715151741896,-0.000614345947896084,0.0010974582361954887
204,(SE * (SE * PER)),0.1840552473476253,0.016309683034971784,0.01135374273254694,0.025619900147580872,0.014153978085755949,0.004658895805539057,0.01935777445652378,-0.007837626927867243,-0.005552297727364945,-0.0016490611201333371,-0.0023940960300604655,0.009232534916327615,0.005175874804512283,-0.0019953582285308254,-0.003617431772880973
205,(SE * (SE * RQ)),-0.15453323236905064,0.05694722436299639,-0.03685795913947954,0.03329632757618872,-0.012376006512103774,-0.014769213168818724,-0.012057388128811117,-0.008559721822757363,-0.003018714981743551,-0.002703055935721571,-0.000791763599171345,0.0013482933352082945,-0.0014434549553738992,0.002977127037513187,-0.0018010494480965211
206,(SE * (SE * SE)),-0.1543803536132543,0.06225273523471205,-0.039187888009079165,0.03546800145050203,-0.013417945729889642,-0.015219124156104769,-0.011009171771411844,-0.009598345676171603,-0.0016176924503783613,-0.001893666221652929,-0.0004338435530770061,0.002124142483224574,-0.0027566576314310334,0.003933569674465211,-2.856579327647532e-05
207,(SE * (SE + PER)),0.03841550965989778,-0.041341686770199775,0.0038751138246508085,0.029246603102193406,0.018373722715165217,-0.023840689500246467,0.009018362120802583,0.015534135084469564,0.003085348072903762,0.008276056881452637,0.008849957829359418,0.00169641214647278,-0.00543645618618464,-0.0005636319984397146,-0.0018326942987670228
208,(SE * (SE + RQ)),-0.1873115544302768,0.04681729913421643,-0.01234827125455587,0.013289875897112237,-0.0034741152721581075,-0.00853556608418823,-0.0008303057095531078,0.0005927080569281457,0.004597076307068904,0.0027490337344877355,-0.0025292221191334585,0.001709438206739164,0.0004164172928650554,0.0005131472790970787,0.0005736111869559557
209,(SE * (SE + SE)),-0.18744972277998184,0.05144958529399641,-0.013715093181895201,0.015374122989696981,-0.003891234131617532,-0.010007014228753075,0.0006734352288939432,0.0008567413327026615,0.007074469054134743,0.005513087286284739,-0.004550753281566147,0.000813057266796981,-0.0018205068148199417,-0.002594913084895832,0.0010262039005867753
210,(SE * PER),0.16411375762603847,0.020230497911219152,-0.006348938847308474,0.023195144999988697,0.0006211269358295209,0.024386755575915263,0.0052217976751599135,-0.003428509642590775,0.004486795659087771,0.0030774097352658614,-0.0016501798820766802,-0.005502767025874286,-0.0009878217483826896,0.006390206887283061,0.0022226989811770905
211,(SE * RQ),-0.1874033059877586,0.04207995283473106,-0.010180902872759339,0.011748933432318406,-0.003128390999083833,-0.00771751803999029,-0.0012710849461634926,-0.0006126611396019804,0.003043481309689262,0.0022895570654453824,-0.0013227774868503062,-0.0007374810155342409,-0.000717875838897904,-0.0006424303693556661,0.0009146261208157444
212,(SE * SE),-0.18740783527527902,0.05145960345589676,-0.013874236365293762,0.015214826588779456,-0.004463789006740595,-0.00974706238469503,0.0009578030214918748,0.0012618786830705011,0.009058773100686927,0.004153148685066817,-0.002679629755294547,-0.00017823316710720654,0.0011381166192838158,0.0001504304654903771,0.00011775187767927887
213,(SE + (PER * PER)),0.05706463011705608,-0.045100422748861904,0.037109394944314575,-0.013810529378470956,-0.06342105598009867,-0.014185371299563161,-0.0025512623173498394,-0.0157843344167108,0.024142126514505046,0.0016857869167444584,-0.0010285060345202725,0.01865270610974751,0.0013057789536002823,0.012209668115825556,-0.0040725169869191636
214,(SE + (PER * RQ)),0.013450242462342537,-0.05321195373287166,0.034833308964776856,0.019172023582537768,-0.0500478178395601,-0.01098784887769827,0.0011825914664867375,0.007904530201171394,0.001406828147432471,-0.0005004949808097633,-0.01100402444190689,-0.006438638458612142,-0.0019944008550716787,-0.0011400820400316758,0.004456491511089341
215,(SE + (PER * SE)),0.01534410677293893,-0.051563561059584234,0.037544616583573144,0.021096726271565523,-0.04954830438903413,-0.011723355309829986,0.0036353087645058305,0.010360130463666078,0.0017158156918692998,-0.00022954186428782384,-0.010184682708811269,-0.0019784726282988364,0.00272302970922979,-0.0067812508351452454,-0.005650266633149316
216,(SE + (PER + PER)),0.03914018018211822,-0.033973818785554215,-0.04172569384684158,-0.01437184860906597,-0.008544150735998705,0.019512597907261155,-0.007085895464027698,-0.00964895476421983,0.009899859671086999,0.0073857439302111635,-0.0012082770923207249,0.0031101625360008853,-0.002388734441837601,-0.008102215255480978,-0.0006939538861681751
217,(SE + (PER + RQ)),-0.053410930075833925,-0.07359462738284812,-0.0016543898470167356,-0.007982574186414427,0.017666394785193978,-0.0038804635170486303,-0.008233794795025496,-0.006928067208338584,-0.004546944041735399,0.003811482945305902,-0.0022007440795430667,-0.002288599939050848,0.006744613527000538,0.002329569562127181,5.828126262538211e-05
218,(SE + (PER + SE)),-0.052274643491841695,-0.06890730694212072,-0.005718622663254879,-0.003474757280728627,0.01709323129670395,-0.010738895583754939,-0.005086408114385317,-0.0013000099385949977,0.0012223733041096102,0.009523624106666219,-0.005905642324165413,-0.003674883550743259,0.007693368445342274,0.0020378355551428384,0.0006041272206200047
219,(SE + (RQ * PER)),0.013343643814238236,-0.05354949700891062,0.03523273923264524,0.019717309673556626,-0.04985615853342816,-0.009340598601190755,0.000486402255295391,0.009054770452155764,0.0015580573941532787,8.331954694907309e-05,-0.00928707029064763,-0.0028486058191487273,0.00259869518913393,-0.003022397588505867,0.002816341076507772
220,(SE + (RQ * RQ)),-0.2059150188351541,0.026669071829475356,0.01279331708586065,-0.005661048172725119,-0.002554055368512043,0.0010287312793276675,0.005007894545085747,0.0028569797248859125,0.0018256432406059471,0.001287151376537364,-0.0016549326547190114,-0.0022616925964438223,0.0016190765529649868,-0.00292409339706324,0.001852126929291577
221,(SE + (RQ * SE)),-0.2059104098859537,0.03254570795833844,0.010870753635248635,-0.0026840723571339015,-0.003556092468616631,-0.0020506807566896793,0.006137165828686773,0.005937857659908484,0.006589436530943889,0.004252469185699984,-0.0030745301092997236,0.0017660924459117064,0.00272694578166782,-0.003490082081532549,0.006155325574232887
222,(SE + (RQ + PER)),-0.05341804257667001,-0.07360480559856136,-0.0018058747118132447,-0.008143086961561262,0.01760813428261521,-0.0037672883101151993,-0.008317817194382088,-0.006809588110285145,-0.004237292987179871,0.004287720373183038,-0.0011829203796020892,-0.0025444772778230027,0.006583278174591258,0.0039324578983307885,0.00033717004665819535
223,(SE + (RQ + RQ)),-0.22515146245634682,0.011960896281121406,0.0327475654954725,-0.028404624672128318,0.013153015708886532,0.01645532923355598,0.008834813305052622,0.003789164354669115,-0.0045988503637326116,-0.003649019056144017,0.002442265327001738,-0.0009158963732037002,-0.00024281594729384977,-0.0019277476928983212,-0.004129842798406983
224,(SE + (RQ + SE)),-0.22555695280065144,0.01871251892428092,0.030318148954313204,-0.024400647109689387,0.011475913967290956,0.012626998626460469,0.01355817020206269,0.00941140789602138,0.003649235513519252,0.0005309583137531855,-0.0037793944709055447,0.00018011874369723463,0.0040820534449249185,0.0009796525049841727,-0.004123586831509326
225,(SE + (SE * PER)),0.015115041359243856,-0.052049673950859805,0.03683053103428481,0.0218283952407703,-0.049948876251618944,-0.010627948085792543,0.004400817637504025,0.010923505717828711,0.002529652066004405,-0.0017098507331186547,-0.008341327073755216,-0.0016229731085178757,0.003649438749471188,-0.004775071333991289,-0.0034152595650098587
226,(SE + (SE * RQ)),-0.20593467168977403,0.032284579007922115,0.01087980268485857,-0.002745521413718984,-0.004155314129343067,-0.0023277977223957334,0.006659704664338358,0.0055090275111177285,0.006140314148615357,0.003770021003985256,-0.0043964774651163024,0.0016482073203547257,0.0013546567136151846,-0.002249134643161906,0.007983605529173238
227,(SE + (SE * SE)),-0.2059503961806717,0.037372228615775376,0.009103188800551254,-0.0009985718976377514,-0.005058754987956665,-0.0025366118307550457,0.0067726897164628284,0.0066727657400987095,0.010489712672799507,0.005381585799728126,-0.004395541113906629,0.00035758552966119283,0.0013262922235809473,-0.004155752964123568,0.0075945717545537516
228,(SE + (SE + PER)),-0.052301675023597095,-0.06890582028455132,-0.005775430166653267,-0.0035619031355699007,0.0169642336386591,-0.010680727712582059,-0.005687875380739961,-0.0014594372290913558,0.0006047806885563076,0.010025216047243185,-0.0057161303522859945,-0.003629358041344526,0.0064668178293473665,0.002228182823040967,0.001446547518860375
229,(SE + (SE + RQ)),-0.2255815719034772,0.018929716816111067,0.030195142168617406,-0.02478503589926091,0.012213279351702511,0.012071240482705985,0.012941837234543322,0.008805855025698979,0.0031576107202739303,0.0033377399512303377,-0.0016039825200250084,-0.0002440311193844136,-1.9168495584550346e-06,0.0027154885371671244,-0.004396147031750931
230,(SE + (SE + SE)),-0.22614075158444719,0.02585651205892553,0.028345216768205075,-0.02164133894205781,0.01121147969815141,0.008027298528057638,0.01714420446141461,0.015046266766840077,0.010754328774147438,0.009698608545993071,-0.008026836975841192,0.00015535079628314593,0.0013348706942633505,0.0006959874869969456,-0.004385209178634524
231,(SE + PER),-0.0007488787156000174,-0.05695922064506169,-0.02484652802502255,-0.00537692112589717,0.005127349146586755,0.008595356506319131,-0.007954726439258967,-0.013227434808066079,0.004130181820324292,0.0065872159389554555,-0.005956717893629638,0.00022325739787763368,0.004010869965065012,-0.0030855741116729827,0.0026482656080834945
232,(SE + RQ),-0.22541600855207167,0.015290532191942298,0.031169455997812786,-0.02645205731846785,0.012547750092137084,0.014633973013863353,0.01128221081754727,0.005899525650349123,-0.0003218346261242173,8.343876063377941e-05,-0.0007761543339204362,-0.0008207222251164434,-0.0011727110937429536,0.001485181970901562,-0.0009288252005592027
233,(SE + SE),-0.22610543223902227,0.026077579665334683,0.02847404834224118,-0.021411090824822013,0.011700001095709383,0.008188493488071462,0.016399395010592475,0.015433454315621058,0.010994975286668783,0.009297616368528674,-0.00819144258157671,0.004392458689853351,0.0023211961446613005,0.002241449201460717,0.00015171784624325385
234,PER,0.09161351292913261,0.005790342593716505,-0.083908074919214,-0.04815055185584443,-0.031419597539078324,-0.003154680452899191,0.010472500032424333,0.016250915964272285,-0.024526362473140377,0.013442748785003454,-0.00956379938105272,0.005808613990883829,-0.00917741713998816,0.0014173807203496484,0.0001019678747007731
235,RQ,-0.22482182554967364,0.0049523817056677365,0.03539528482294736,-0.03182224492480839,0.01403394947354947,0.021452839038141144,0.005833419583637233,-0.0036960106783987846,-0.010343516412624128,-0.010030336568513102,0.008350205607747895,0.0012667130081608741,-0.0026614948731375275,0.004240482300277396,-0.0031340365756339565
236,SE,-0.22614329695988228,0.025868026465483866,0.02861520992464926,-0.021876979158043812,0.01075374093952873,0.0073893617232529876,0.017433297203677412,0.014455731164747226,0.011153023189731395,0.010196912536270978,-0.007341323353207903,0.0016873407309326183,0.002885132704784869,0.0005662015334824174,-0.0031394010294726778
